question,answer,category,source_text,original_twi,file_name,question_ee,answer_ee,question_ga,answer_ga,question_ak,answer_ak
Why is it important to space my cocoa trees 10 feet by 10 feet apart?,"Proper spacing ensures each tree gets enough sunlight, soil nutrients, and airflow. Planting them 10 feet by 10 feet prevents overcrowding, reduces the spread of diseases, and gives cocoa plants room to yield healthy pods.",Field Setup & Layout,"They will clear the land, they will give us cocoa seedlings and we will plant them, and they will give us plantains, so they will do the layout and pegging lines; the spacing will be about 10 feet by 10 feet. When we finish that, we will give you the cocoa, and you place it next to the plantains. But actually, I haven't planted it yet because...",ɔmo bɛ twaa ɔmo bɛma yɛ cocoa nurse na yɛde adua na ɔmo ama yɛn borɔdeɛ nti ɔmo bɛyɛ lie and pergen line mpɛ no bɛyɛ 10 feet 10 feet no yɛ wie a na yɛama wo cocoa na ɔde asi borɔdeɛ no nkyɛn enti mmom deɛ manya nto because,P74kzqm2nno_035.wav,Nukatae wòle be madidi tso nye kakao numiemiewo gbɔ afɔ 10 kple afɔ 10 tso wo nɔewo gbɔ?,Dometsotso nyuitɔ nana numiemie ɖesiaɖe te ŋu xɔa ɣe ƒe keklẽ. nunyiame siwo le anyigba me kple ya ƒe zɔzɔ nyuie Kokoo numiemie siwo ƒe kɔkɔme nye afɔ 10 kple afɔ 10 tsitsi akpe ɖe ŋuwò nàxe mɔ ɖe amewo ƒe agbɔsɔsɔ fũ nu. Eɖea dɔléle ƒe kaka dzi kpɔtɔna eye wònaa teƒe kakao-tiwo be woawɔ aŋgba siwo le lãmesẽ me.,Mɛni hewɔ esa akɛ mikɛ mi-cacao tsei lɛ abɔ he ni ji ninetalɔi 10 kɛ ninetalɔi 10 lɛ?,Gbɛ ni sa ni ato lɛ haa tso fɛɛ tso nine shɛɔ hulu la nɔ. niyenii ni yɔɔ shikpɔŋ lɛ mli kɛ kɔɔyɔɔ ni sa ni hoɔ yɛ shikpɔŋ lɛ nɔ Koo tsei ni akwɛ̃ɔ ni kɛlɛ ji ninetalɔi 10 kɛ ninetalɔi 10 lɛ baaye abua ni akafee nɔ ni fa fe nine. Ha helai ni gbɛɔ eshwaa lɛ aba shi ni eha cacao tsei lɛ aná hegbɛ ni amɛwo ŋmeii ni yɔɔ hewalɛ.,Dɛn nti na ɛsɛ sɛ me ne me kakao afifide ntam kwan yɛ anammɔn 10 ne anammɔn 10?,"Ntam kwan a ɛfata ma afifide biara nya owia hann. aduannuru a ɛwɔ asase no mu ne mframa a ɛkɔ baabiara a ɛfata Sɛ wodua kokoo afifide a ne tenten yɛ anammɔn 10 ne anammɔn 10 a, ɛbɛboa ma wɔasiw nnipa a wɔdɔɔso dodo ano. Ɛtew nyarewa a ɛtrɛw so na ɛma kakao nnua no nya baabi ma wonya nnuadewa a ahoɔden wom."
"What is pegging, and why is it done on my farmland before planting?","Pegging involves placing wooden sticks in the ground to mark the exact spots where crops should be planted. It helps keep your farm rows straight and evenly spaced, making weeding, spraying, and harvesting much easier later on.",Field Setup & Layout,"They will clear the land, they will give us cocoa seedlings and we will plant them, and they will give us plantains, so they will do the layout and pegging lines; the spacing will be about 10 feet by 10 feet. When we finish that, we will give you the cocoa, and you place it next to the plantains. But actually, I haven't planted it yet because...",ɔmo bɛ twaa ɔmo bɛma yɛ cocoa nurse na yɛde adua na ɔmo ama yɛn borɔdeɛ nti ɔmo bɛyɛ lie and pergen line mpɛ no bɛyɛ 10 feet 10 feet no yɛ wie a na yɛama wo cocoa na ɔde asi borɔdeɛ no nkyɛn enti mmom deɛ manya nto because,P74kzqm2nno_035.wav,Nukae nye fixation? Eye nukatae wowɔa esia le nye agbledeƒe hafi doa nuku?,"Pinning bia be woatsɔ atiwo ade anyigba be woatsɔ ade dzesi teƒe si tututu wòle be woado nukua le. Kpe ɖe ŋuwò nàna wò agbledeƒe ƒe fliwo nanɔ dzɔdzɔe eye woaɖe wo nɔewo ɖa. Esia wɔnɛ be gbewo ɖeɖe, atike sisi, kple nuŋeŋe nɔa bɔbɔe ŋutɔ emegbe.",Mɛni ji fimɔ? Ni mɛni hewɔ afeɔ enɛ yɛ miŋmɔ lɛ nɔ dani aduɔ nii?,"Nɔ ni fata pinning he ji ni akɛ tsei awo shikpɔŋ koni akɛkadi he pɔtɛɛ ni esa akɛ adu ŋmɔshi nii lɛ yɛ. Ye obua ni oŋmɔ lɛ mli ŋtayaai lɛ afee ja ni amɛteŋ jɛkɛmɔ afee ekome. Enɛ haa jwɛi ni ajieɔ, ni akɛshwieɔ nɔ, kɛ nikpamɔ feɔ mlɛo kwraa yɛ sɛɛ mli.",Dɛn ne fixation? Na dɛn nti na wɔyɛ eyi wɔ m’afuw mu ansa na wɔadua?,"Nea ɛka pinning ho ne sɛ wɔde nnua bɛto fam de ahyɛ baabi pɔtee a ɛsɛ sɛ wodua nnɔbae no agyirae. Boa ma wo afuw mu ntoatoaso no nkɔ tẽẽ na wɔn ntam kwan nyɛ pɛ. Eyi ma nwura a wobeyi, aduru a wɔde petepete so, ne otwa yɛ mmerɛw kɛse akyiri yi."
Why do we plant crops in straight lines instead of placing them randomly across the farm?,"Planting in straight lines ensures that every crop gets equal room and light, prevents overcrowding, and allows you to walk through the farm easily to carry out maintenance without damaging young plants.",Field Setup & Layout,"They will clear the land, they will give us cocoa seedlings and we will plant them, and they will give us plantains, so they will do the layout and pegging lines; the spacing will be about 10 feet by 10 feet. When we finish that, we will give you the cocoa, and you place it next to the plantains. But actually, I haven't planted it yet because...",ɔmo bɛ twaa ɔmo bɛma yɛ cocoa nurse na yɛde adua na ɔmo ama yɛn borɔdeɛ nti ɔmo bɛyɛ lie and pergen line mpɛ no bɛyɛ 10 feet 10 feet no yɛ wie a na yɛama wo cocoa na ɔde asi borɔdeɛ no nkyɛn enti mmom deɛ manya nto because,P74kzqm2nno_035.wav,Nukatae míeƒãa nukuwo ɖe fli dzɔdzɔewo dzi tsɔ wu be míada wo ɖe agblea dzi le vome?,Dodo ɖe fli dzɔdzɔewo dzi nana be teƒe kple kekeli sɔ gbɔ ɖe nukuwo katã me. Xɔ mɔ na amewo ƒe agbɔsɔsɔ fũ eye wònana nètoa agblea me bɔbɔe hena beléle nɛ evɔ màgblẽ nu le nukuawo ŋu o.,Mɛni hewɔ wɔduɔ ŋmɔshi nibii yɛ gbɛ ni ja nɔ moŋ fe ni wɔkɛaawo ŋmɔ lɛ mli he fɛɛ he lɛ?,Nibii ni aduɔ yɛ gbɛ ni ja nɔ lɛ haa ŋmɔshi nibii fɛɛ náa he ko kɛ la ni fa bɔ ni sa. Tsiɔ nibii ni eyi obɔ lɛ naa ni ehaa onyɛɔ otsɔɔ ŋmɔ lɛ mli oya kɛha saamɔ ni ofiteee dumɔwui lɛ.,Dɛn nti na yedua nnɔbae wɔ nsensanee tẽẽ sen sɛ yɛde bɛto afuw no mu kwa?,"Sɛ wodua wɔ nsensanee tẽẽ mu a, ɛma nnɔbae nyinaa nya baabi ne hann a ɛyɛ pɛ. Siw nnipa a wɔbɛdɔɔso dodo ano na ɛma ɛyɛ mmerɛw sɛ wobɛfa afuw no mu akɔhwɛ so a ɛnsɛe nnuadewa no."
Why must I clear my land completely before planting new cocoa seedlings?,"Clearing weeds, bushes, and heavy debris removes competition for soil nutrients and water, while also eliminating pests and diseases that could attack delicate young cocoa plants.",Field Setup & Layout,"They will clear the land, they will give us cocoa seedlings and we will plant them, and they will give us plantains, so they will do the layout and pegging lines; the spacing will be about 10 feet by 10 feet. When we finish that, we will give you the cocoa, and you place it next to the plantains. But actually, I haven't planted it yet because...",ɔmo bɛ twaa ɔmo bɛma yɛ cocoa nurse na yɛde adua na ɔmo ama yɛn borɔdeɛ nti ɔmo bɛyɛ lie and pergen line mpɛ no bɛyɛ 10 feet 10 feet no yɛ wie a na yɛama wo cocoa na ɔde asi borɔdeɛ no nkyɛn enti mmom deɛ manya nto because,P74kzqm2nno_035.wav,Nukatae wòhiã be makɔ teƒea hafi ado kokoo ƒe nuku yeyewo?,"Gbewo, gbewo kple gbeɖuɖɔ kpekpewo ɖeɖeɖa ɖea hoʋiʋli ɖe nunyiame siwo le anyigba kple tsi me ŋu ɖa. Le ɣeyiɣi ma ke me la, eɖea nudzodzoeviwo kple dɔléle siwo ate ŋu adze kokooti fẽwo dzi la ɖa.",Mɛni hewɔ ehe hiaa ni majie he ni miyɔɔ lɛ dani madu kookoo dumɔwui heei lɛ?,"Jwɛi, tsei bibii kɛ sũ ni tsii ni ajieɔ lɛ jieɔ akaŋshii ni akɛtaoɔ niyenii ni yɔɔ shikpɔŋ kɛ nu mli lɛ kɛyaa. Yɛ nakai beaŋ nɔŋŋ lɛ, ejieɔ tsɛŋemɔ helai kɛ helai ni baanyɛ atutua kookoo tsei bibii lɛ kɛyaa.",Dɛn nti na ɛsɛ sɛ misiesie beae no ansa na madua kokoo aba foforo?,"Sɛ woyi nwura, nnuadewa ne nneɛma a asɛe a emu yɛ duru fi hɔ a, eyi akansi a ɛfa aduannuru a ɛwɔ asase ne nsu mu ho no fi hɔ. Bere koro no ara mu no, eyi mmoawa a wɔsɛe nnɔbae ne nyarewa a ebetumi akɔtow ahyɛ koko nnua nketewa so no fi hɔ."
Why do I need to plant plantains next to my new cocoa trees?,"Young cocoa trees burn easily under direct sunlight. Plantains grow quickly with large leaves that act as natural umbrellas, providing the shade and soil moisture young cocoa needs to survive its first couple of years.",Shade & Intercropping,"They will clear the land, they will give us cocoa seedlings and we will plant them, and they will give us plantains, so they will do the layout and pegging lines; the spacing will be about 10 feet by 10 feet. When we finish that, we will give you the cocoa, and you place it next to the plantains. But actually, I haven't planted it yet because...",ɔmo bɛ twaa ɔmo bɛma yɛ cocoa nurse na yɛde adua na ɔmo ama yɛn borɔdeɛ nti ɔmo bɛyɛ lie and pergen line mpɛ no bɛyɛ 10 feet 10 feet no yɛ wie a na yɛama wo cocoa na ɔde asi borɔdeɛ no nkyɛn enti mmom deɛ manya nto because,P74kzqm2nno_035.wav,Nukatae wòhiã be mado plantains ɖe kokooti yeyewo gbɔ?,Kakao-ti fẽwo dzona bɔbɔe ne ɣe ƒe keklẽ tẽ. Plantain tsina kabakaba kple aŋgba gã siwo wɔa dɔ abe dzɔdzɔme akɔtakpoxɔnu ene. Na vɔvɔli kple anyigba ƒe tsidzadza si kokoo vidzĩ hiã be wòatsi agbe le eƒe ƒe ʋɛ gbãtɔawo me.,Mɛni hewɔ ehe hiaa ni madu plantains yɛ kookoo tsei heei ahe lɛ?,Cacao tsei bibii lɛ shãa oya yɛ hulu la ni tsoɔ tɛ̃ɛ shishi. Plantains lɛ daa oya kɛ baai agboi ni tsuɔ nii tamɔ adebɔɔ mli ŋmeii. Ha hulutsoo kɛ shikpɔŋ nɔ nu ni he hiaa cocoa gbekɛ koni enyɛ ehi shi yɛ eklɛŋklɛŋ afii fioo lɛ amli.,Dɛn nti na ɛsɛ sɛ midua plantains wɔ baabi a ɛbɛn kokoo nnua foforo?,Ɛnyɛ den sɛ kakao nnua nketewa bɛhyew wɔ owia hann tẽẽ ase. Plantain nyin ntɛmntɛm a nhaban akɛse a ɛyɛ adwuma sɛ abɔde mu nkatanim. Ma sunsuma ne asase mu nsu a koko akokoaa hia na ama watumi atra ase wɔ ne mfe kakraa a edi kan no mu.
Should I plant my plantains before or at the same time as my cocoa seedlings?,It is best to plant plantains slightly before or at the same time as cocoa so that the plantain leaves can grow fast enough to provide protective shade before hot weather damages the young cocoa.,Shade & Intercropping,"They will clear the land, they will give us cocoa seedlings and we will plant them, and they will give us plantains, so they will do the layout and pegging lines; the spacing will be about 10 feet by 10 feet. When we finish that, we will give you the cocoa, and you place it next to the plantains. But actually, I haven't planted it yet because...",ɔmo bɛ twaa ɔmo bɛma yɛ cocoa nurse na yɛde adua na ɔmo ama yɛn borɔdeɛ nti ɔmo bɛyɛ lie and pergen line mpɛ no bɛyɛ 10 feet 10 feet no yɛ wie a na yɛama wo cocoa na ɔde asi borɔdeɛ no nkyɛn enti mmom deɛ manya nto because,P74kzqm2nno_035.wav,Ðe wòle be mado nukuwo do ŋgɔ loo alo le ɣeyiɣi ma ke mea? Le kokoo ƒe nukuwo gomea?,Anyo wu be nàdo plantain sue aɖe do ŋgɔ na kokoo alo le ɣeyiɣi ɖeka me kple ɣeyiɣi ɖeka me ale be plantain ƒe aŋgbawo natsi kabakaba ale gbegbe be wòana vɔvɔli hafi yame ƒe dzoxɔxɔ nagblẽ kokoo fẽawo.,Ani esa akɛ madu dumɔwui dani loo yɛ be kome too mli? Kɛ kookoo dumɔwui?,Ehi jogbaŋŋ akɛ ooodu plantain fioo dani loo yɛ be kome mli kɛ kookoo lɛ bɔni afee ni plantain baai lɛ adara oya bɔ ni sa ni ekɛ hulutsoo be aba dani kɔɔyɔɔ ni mli edɔ lɛ akpata kookoo bibioo lɛ hiɛ.,So ɛsɛ sɛ midua nnuadewa ansa na anaasɛ bere koro no ara mu? Na kokoo nnuadewa na ɛyɛ?,Ɛyɛ papa sɛ wubedua plantain kakraa bi ansa na woadua kokoo no anaasɛ bere koro no ara mu sɛnea ɛbɛyɛ a plantain nhaban no benyin ntɛmntɛm a ɛbɛma sunsuma aba ansa na wim tebea a ɛyɛ hyew no asɛe koko mma no.
Will planting plantains next to my cocoa steal nutrients away from the cocoa?,"No, when spaced correctly, plantains and cocoa share the soil well. The plantains protect the cocoa from harsh weather and provide early food and income for your family before the cocoa begins to produce.",Shade & Intercropping,"They will clear the land, they will give us cocoa seedlings and we will plant them, and they will give us plantains, so they will do the layout and pegging lines; the spacing will be about 10 feet by 10 feet. When we finish that, we will give you the cocoa, and you place it next to the plantains. But actually, I haven't planted it yet because...",ɔmo bɛ twaa ɔmo bɛma yɛ cocoa nurse na yɛde adua na ɔmo ama yɛn borɔdeɛ nti ɔmo bɛyɛ lie and pergen line mpɛ no bɛyɛ 10 feet 10 feet no yɛ wie a na yɛama wo cocoa na ɔde asi borɔdeɛ no nkyɛn enti mmom deɛ manya nto because,P74kzqm2nno_035.wav,nukuwo dodo ɖe axadzi Ðe nye kokoo afi nunyiamewo le emea?,"Ao, ne wo dome didi nyuie la, Plantain kple kokoo ama anyigba la me nyuie. Plantain kpɔa kokoo ta tso yame ƒe nɔnɔme sesẽwo me eye wònaa nuɖuɖu kple gakpɔkpɔ wò ƒomea hafi kokoo dzea ewɔwɔ gɔme.",dumɔwui ni aduɔ yɛ masɛi Ani mi-kokoo lɛ baaju niyenii mli hewalɛ nii kɛjɛ mli?,"Dabi, kɛ́ akɛ Plantains kɛ cocoa to amɛhe jogbaŋŋ lɛ, ebaaja shikpɔŋ lɛ mli jogbaŋŋ. Plantains buɔ kookoo he kɛjɛɔ kɔɔyɔŋ tsakemɔi ni mli wawai ahe, ni ehaa oweku lɛ niyenii kɛ shika dani kookoo feemɔ jeɔ shishi.",planting seedlings next to So me kokoo bewia aduannuru afi mu?,"Dabi, sɛ wɔde ntam kwan fa so a, Plantain ne kokoo bɛkyekyɛ asase no mu yiye. Plantains bɔ kokoo ho ban fi wim tebea a emu yɛ den ho na ɛma w’abusua nya aduan ne sika ansa na kokoo afi ase ayɛ."
How do young cocoa leaves react if they get too much direct sunlight?,"Young cocoa leaves exposed to harsh sun turn yellow, dry out at the edges, and drop off early because the young roots cannot draw enough water to replace what the hot sun burns away.",Crop Behavior & Plant Health,"They will clear the land, they will give us cocoa seedlings and we will plant them, and they will give us plantains, so they will do the layout and pegging lines; the spacing will be about 10 feet by 10 feet. When we finish that, we will give you the cocoa, and you place it next to the plantains. But actually, I haven't planted it yet because...",ɔmo bɛ twaa ɔmo bɛma yɛ cocoa nurse na yɛde adua na ɔmo ama yɛn borɔdeɛ nti ɔmo bɛyɛ lie and pergen line mpɛ no bɛyɛ 10 feet 10 feet no yɛ wie a na yɛama wo cocoa na ɔde asi borɔdeɛ no nkyɛn enti mmom deɛ manya nto because,P74kzqm2nno_035.wav,Aleke kokoo ƒe aŋgba fẽwo wɔa nui ne ɣe ƒe keklẽ sɔ gbɔ akpa?,"Kokoo ƒe aŋgba fẽ siwo le ɣe ƒe keklẽ sesẽ me Etrɔna zua ɣie, eƒuna le eƒe goawo dzi, eye wòdzena kabakaba elabena ke fẽwo mete ŋu hea tsi si sɔ gbɔ be wòaxɔ ɖe nusi ŋdɔ fiã teƒe o.",Te kookoo baai bibii lɛ feɔ amɛnii amɛhaa tɛŋŋ kɛji hulu la ni tsoɔ tɛ̃ɛ tsɔ lɛ fa babaoo?,"Kokoo baai bibii ni hulu la ni naa wa lɛ shɛɔ nɔ lɛ Etsɔɔ ŋmɔŋ, egbiɔ yɛ eshishigbɛ, ni egbeeɔ shi oya ejaakɛ shishifãi bibii lɛ nyɛɛɛ agbala nu ni fa bɔ ni sa ni amɛkɛto nɔ ni hulu lɛ eshã lɛ najiaŋ.",Ɔkwan bɛn so na kokoo nhaban nketewa yɛ n’ade wɔ owia hann tẽẽ dodo ho?,"Koko nhaban nketewa a owia hann a ano yɛ den da no so Ɛdan ​​kɔkɔɔ, ɛyow wɔ anoano, na ɛtɔ ntɛmntɛm efisɛ ntini nketewa ntumi ntwe nsu a ɛdɔɔso mfa nsi nea owia ahyew no ananmu."
What happens if I delay and leave cocoa seedlings in their nursery bags for too long?,"Leaving seedlings too long in nursery bags causes their roots to twist, coil, or dry out, which weakens the plant and makes it difficult for it to establish strong roots once planted in the farm.",Crop Behavior & Plant Health,"They will clear the land, they will give us cocoa seedlings and we will plant them, and they will give us plantains, so they will do the layout and pegging lines; the spacing will be about 10 feet by 10 feet. When we finish that, we will give you the cocoa, and you place it next to the plantains. But actually, I haven't planted it yet because...",ɔmo bɛ twaa ɔmo bɛma yɛ cocoa nurse na yɛde adua na ɔmo ama yɛn borɔdeɛ nti ɔmo bɛyɛ lie and pergen line mpɛ no bɛyɛ 10 feet 10 feet no yɛ wie a na yɛama wo cocoa na ɔde asi borɔdeɛ no nkyɛn enti mmom deɛ manya nto because,P74kzqm2nno_035.wav,Nukae adzɔ ne mehe nye kakao numiemiewo ɖe megbe eye megblẽ wo ɖe tsitsikotokua me ɣeyiɣi didi akpa?,"Ne ègblẽ nukuwo ɖe kotoku siwo me tsi le me ɣeyiɣi didi akpa la, ate ŋu ana keawo natrɔ, aƒo alo aƒu, si wɔnɛ be numiemieawo gbɔdzɔna eye wòsesẽna be woatu ke sesẽwo ne wodo wo ɖe agblea dzi.",Mɛni baa kɛji mikɛ be shwie shi ni mishi mi-cacao tsei lɛ yɛ grow bag lɛ mli be kakadaŋŋ tsɔ?,"Kɛji akɛ ashi dumɔwui yɛ grow bags amli be kakadaŋŋ lɛ, ebaanyɛ eha shishifãi lɛ atsɔ, atsɔ loo amɛgbi, ni no haa tsei lɛ gbɔjɔɔ ni ewaa akɛ amɛaawo shishifãi ni mli wa kɛji akɛ adu amɛ yɛ ŋmɔ lɛ mli.","Sɛ metwentwɛn me nan ase na migyaw me kakao afifide no wɔ kotoku a wɔde nyin no mu kyɛ dodo a, dɛn na ɛba?","Sɛ wogyaw nnuadewa wɔ nkotoku a wɔde nyin mu kyɛ dodo a, ebetumi ama ntini no twitwiw, ayɛ kurukuruwa anaasɛ ayow, na ɛno ma afifide no yɛ mmerɛw na ɛyɛ den sɛ wobenya ntini a ɛyɛ den bere a wɔadua wɔ afuw no mu no."
Why do young cocoa plants die so easily during the dry season in Ghana?,"Young cocoa trees have short, shallow roots that cannot reach water deep underground. Without temporary shade crops like plantains to hold soil moisture, intense sun rapidly dehydrates and kills the plants.",Crop Behavior & Plant Health,"They will clear the land, they will give us cocoa seedlings and we will plant them, and they will give us plantains, so they will do the layout and pegging lines; the spacing will be about 10 feet by 10 feet. When we finish that, we will give you the cocoa, and you place it next to the plantains. But actually, I haven't planted it yet because...",ɔmo bɛ twaa ɔmo bɛma yɛ cocoa nurse na yɛde adua na ɔmo ama yɛn borɔdeɛ nti ɔmo bɛyɛ lie and pergen line mpɛ no bɛyɛ 10 feet 10 feet no yɛ wie a na yɛama wo cocoa na ɔde asi borɔdeɛ no nkyɛn enti mmom deɛ manya nto because,P74kzqm2nno_035.wav,Nukatae kokooti fẽwo kuna bɔbɔe le kuɖiɣi le Ghana?,"Ke kpui siwo me goglo o le kakao-ti fẽwo si, eye womete ŋu ɖoa tsi goglo siwo le anyigba te o. Ne numiemie siwo doa vɔvɔli hena ɣeyiɣi aɖe, abe plantains ene, meli be anyigba ƒe tsi nalé ɖe te o. Ɣe ƒe keklẽ si klẽna nyuie naa tsi vɔna le numiemiewo me kabakaba eye wòwua wo.",Mɛni hewɔ kookoo tsei bibii gboiɔ oya yɛ hulutsoo be mli yɛ Ghana lɛ?,"Kakao tsei bibii lɛ yɛ shishifãi kukuji ni mli ekwɔɔɔ ni nyɛɛɛ ashɛ shikpɔŋ shishi nu ni mli kwɔ lɛ he. Kɛji akɛ tsei ni haa shikpɔŋ lɛ nɔ hulutsoo baa be kukuoo mli, tamɔ plantains, ni baaha shikpɔŋ lɛ nɔ ŋmɔtɔ ahi shi lɛ bɛ. Hulu la ni tsoɔ waa lɛ haa nu sɛɛ foɔ oya ni egbeɔ tsei.",Adɛn nti na kokoo nnua nketewa wuwu ntɛm wɔ ɔpɛ bere mu wɔ Ghana?,Kakao nnua nketewa wɔ ntini ntiantiaa a emu nnɔ a entumi nkɔ asase ase nsu a emu dɔ. Sɛ afifide a ɛyɛ sunsuma bere tiaa mu te sɛ plantains nni hɔ a ɛbɛma asase no mu nsu akura mu a. Owia hann a ano yɛ den ma nsu fi afifide mu ntɛmntɛm na ekunkum wɔn.
How do I know if my young cocoa plants are getting enough water during the dry season?,"If young cocoa plants do not get enough water, their leaves will droop, curl, and turn brown at the tips. You can check the soil by digging a few inches down near the plant; if it feels completely dry and crumbles easily, the roots need water.",Watering and Irrigation,"Regarding the cocoa, it has become a matter of discussion. The work you demonstrated, where you reached the point of using a cup and such for irrigation—that is what we first wanted to find out: how things are when you do the work and it thrives, and about the attachments and all that, because there is a reason.",ɔhyeɛfoɔ ɛyɛ cocoa a ɛno aba abɛyɛ nsɛm nna hɔ adwuma a woyɛeɛ woakyerɛkyerɛ sɛ yɛduru baabi koraa na wo de cup ne ade na ɛyɛ irrigation ɛno yɛde adikan deɛ ɔde yɛpɛ hu no sɛ woyɛ adwuma na adɔ ne ne nkeka ho ne adeɛ no na ɛte sɛn because bi da,1u4Dmwoh04U_030.wav,Aleke mawɔ anya ne nye kakao-ti fẽwo le tsi si sɔ xɔm le kuɖiɣi?,"Ne kakao-ti fẽwo mekpɔ tsi nyuie o la, aŋgbawo adze, aƒo, eye woazu blɔ le woƒe nugbɔ. Àte ŋu alé ŋku ɖe anyigbaa ŋu ne èku anyigba sentimeta ʋɛ aɖewo yi anyime le numiemiea gbɔ. Ne ese le eɖokui me be eƒu keŋkeŋ eye wògbãna bɔbɔe Eɖenɛ fiana be keawo hiã tsi.",Te mafee tɛŋŋ male akɛ mi-cacao tsei bibii lɛ miiná nu ni fa bɔ ni sa yɛ hulutsoo be lɛ mli?,"Kɛji akɛ cacao tsei bibii lɛ náaa nu ni fa bɔ ni sa lɛ, amɛbaai lɛ baagbee shi, amɛbaabɔle amɛhe, ni amɛbaatsɔ ŋmɔtɔ yɛ amɛyitseiaŋ. Obaanyɛ okwɛ shikpɔŋ lɛ nɔ kɛtsɔ inchi fioo ko ni oootsɔ shishi yɛ tso lɛ masɛi lɛ nɔ. Kɛji enu he akɛ egbi kwraa ni efoɔ oya Tsɔɔ akɛ nu he miihia shishifãi lɛ.",Mɛyɛ dɛn ahu sɛ me kakao nnua nketewa no renya nsu a ɛdɔɔso wɔ ɔpɛ bere mu?,"Sɛ kakao nnua nketewa nnya nsu a ɛdɔɔso a, nhaban no bɛhwe ase, ayɛ kurukuruwa, na ayɛ bruu wɔ ano. Wubetumi ahwɛ asase no denam tutu a wubetutu fam nsateakwaa kakraa bi wɔ baabi a ɛbɛn afifide no so. Sɛ ɛte sɛ nea ɛyɛ nwunu koraa na ɛbubu ntɛmntɛm a Ɛkyerɛ sɛ ntini no hia nsu."
Is it helpful to manually water my young cocoa seedlings using simple containers like cups during dry months?,"Yes, during severe dry spells, pouring a measured cup or small tin of water directly at the base of each seedling keeps the main roots alive without wasting water on surrounding weeds.",Watering and Irrigation,"Regarding the cocoa, it has become a matter of discussion. The work you demonstrated, where you reached the point of using a cup and such for irrigation—that is what we first wanted to find out: how things are when you do the work and it thrives, and about the attachments and all that, because there is a reason.",ɔhyeɛfoɔ ɛyɛ cocoa a ɛno aba abɛyɛ nsɛm nna hɔ adwuma a woyɛeɛ woakyerɛkyerɛ sɛ yɛduru baabi koraa na wo de cup ne ade na ɛyɛ irrigation ɛno yɛde adikan deɛ ɔde yɛpɛ hu no sɛ woyɛ adwuma na adɔ ne ne nkeka ho ne adeɛ no na ɛte sɛn because bi da,1u4Dmwoh04U_030.wav,Ðe wòɖea vi be woatsɔ asi de tsi kakao numiemie fẽwo to nugoe bɔbɔe aɖe abe kplu ene zazã me le ɣleti siwo me tsi medzana o mea?,"Ẽ, le kuɖiɖi sesẽwo me Tsi kɔklɔ ɖe dzidzenu kplu alo go sue aɖe me Tsã le nuku ɖesiaɖe gɔme. Esia ana ke veviawo nanɔ anyi evɔ tsi magblẽ ɖe gbe siwo ƒo xlã wo ŋu o.",Ani sɛɛnamɔ yɛ he akɛ akɛ niji baawo cacao tsei bibii amli nu kɛtsɔ tsɛnsi ko ni yɔɔ mlɛo tamɔ kɔɔpoo nɔ yɛ nyɔji ni nu bɛ lɛ amli?,"Hɛɛ, yɛ hɔmɔ ni naa wa mli Nu ni afɔseɔ awoɔ susumɔ kɔɔpoo loo kan bibioo mli Tɛ̃ɛ yɛ dumɔwui lɛ eko fɛɛ eko shishi. Enɛ baaha shishifãi titrii lɛ ahi shi jogbaŋŋ ni amɛfiteee nu yɛ jwɛi ni ebɔle amɛhe lɛ anɔ.",So mfaso wɔ so sɛ wode nsa bɛgugu kakao afifide nketewa so denam ade a ɛnyɛ den te sɛ kuruwa so wɔ asram a osu ntɔ mu?,"Yiw, wɔ ɔpɛ a emu yɛ den mu Nsu a wɔhwie gu susudua kuruwa anaa toa ketewa mu Tẽẽ wɔ nnuadewa biara ase. Eyi bɛma ntini atitiriw no akɔ so atra hɔ a ɛrensɛe nsu wɔ nwura a atwa ho ahyia no so."
What is the best time of day to water my cocoa seedlings?,"The best time to water cocoa seedlings is early in the morning or late in the afternoon. During these cooler times, water does not evaporate quickly in the sun, allowing the roots to absorb most of it.",Watering and Irrigation,"Regarding the cocoa, it has become a matter of discussion. The work you demonstrated, where you reached the point of using a cup and such for irrigation—that is what we first wanted to find out: how things are when you do the work and it thrives, and about the attachments and all that, because there is a reason.",ɔhyeɛfoɔ ɛyɛ cocoa a ɛno aba abɛyɛ nsɛm nna hɔ adwuma a woyɛeɛ woakyerɛkyerɛ sɛ yɛduru baabi koraa na wo de cup ne ade na ɛyɛ irrigation ɛno yɛde adikan deɛ ɔde yɛpɛ hu no sɛ woyɛ adwuma na adɔ ne ne nkeka ho ne adeɛ no na ɛte sɛn because bi da,1u4Dmwoh04U_030.wav,Ɣekaɣie nye ɣeyiɣi nyuitɔ si woade tsi kokoo-tiwo?,"Ɣeyiɣi nyuitɔ si woade tsi kokoo ƒe nukuwoe nye ŋdi kanya alo ŋdɔkutsu dzatsɛ. Le vuvɔɣi sia me la, Tsi medzona kabakaba ne wodoe ɖe ɣe ƒe keklẽ me o. Enaa keawo xɔa tsi la katã kloe.",Mɛɛ be ji be ni hi fe fɛɛ ni esa akɛ afɔ kookoo tsei anɔ nu?,Be ni hi fe fɛɛ ni esa akɛ afɔ kookoo dumɔwui anɔ nu ji leebi maŋkpa loo shwane mli. Yɛ fɛ̃i be nɛɛ mli Nu lɛ shwieee oya kɛji akɛ hulu la shɛ enɔ. Ehaa shishifãi lɛ shwieɔ nɔ ni miihe ashɛ nu lɛ fɛɛ.,Bere bɛn na eye sen biara a ɛsɛ sɛ wugugu koko nnua so nsu?,Bere a eye sen biara a wobetumi agugu kokoo nnua so nsu ne anɔpatutuutu anaa awiabere. Wɔ saa awɔw bere yi mu no Nsu ntumi nsɛe ntɛmntɛm bere a ɛda owia hann mu no. Ɛkame ayɛ sɛ ɛma ntini no twetwe nsu no nyinaa.
Can I attach simple hose pipes or drip nozzles to a water drum to irrigate my crop?,"Yes, connecting basic hose pipes or drip attachments to a elevated water drum allows water to trickle slowly to the base of each plant, saving you labor while delivering steady moisture directly to the roots.",Watering and Irrigation,"Regarding the cocoa, it has become a matter of discussion. The work you demonstrated, where you reached the point of using a cup and such for irrigation—that is what we first wanted to find out: how things are when you do the work and it thrives, and about the attachments and all that, because there is a reason.",ɔhyeɛfoɔ ɛyɛ cocoa a ɛno aba abɛyɛ nsɛm nna hɔ adwuma a woyɛeɛ woakyerɛkyerɛ sɛ yɛduru baabi koraa na wo de cup ne ade na ɛyɛ irrigation ɛno yɛde adikan deɛ ɔde yɛpɛ hu no sɛ woyɛ adwuma na adɔ ne ne nkeka ho ne adeɛ no na ɛte sɛn because bi da,1u4Dmwoh04U_030.wav,Ðe mate ŋu atsɔ hose alo tsinyegoe si wozãna edziedzi abla nye tsigoe be wòade tsi nye agblemenukuwoa?,"Ẽ, ne wotsɔ hose-pɔmpi vevi alo tsi si wotsɔna ƒoa tsii do ka kple gaze si wodo ɖe dzi la, ana tsia nate ŋu atso blewu. vaseɖe ati ɖesiaɖe gɔme Eɖea dɔ sesẽ wɔwɔ dzi kpɔtɔna esime wòle tsi si nɔa anyi ɖaa tsɔm yia keawo gbɔ tẽ.",Ani manyɛ mikɛ hose loo drip nozzle ni akɛtsuɔ nii daa lɛ afata mi nu tsɛnsi lɛ he koni mikɛshwie miŋmɔshi nibii anɔ nu?,"Hɛɛ, kɛ́ okɛ shishijee hose paipi loo drip attachment tsa baagi ni awo nɔ lɛ nɔ lɛ, ebaaha nu lɛ atsɔ blɛoo. kɛyashi tso fɛɛ tso shishi Ehereɔ bo kɛjɛɔ nitsumɔ mli yɛ be mli ni ekɛ ŋmɔtɔ ni yaa nɔ daa lɛ yaa shishifãi lɛ amli tɛ̃ɛ.",So metumi de hose anaa drip nozzle a wɔde di dwuma daa abata me nsukorabea no ho de agugu me nnɔbae so nsu?,"Yiw, sɛ wode hose paipu anaa drip attachment titiriw bi bata bokiti a wɔama so ho a, ɛbɛma nsu no asen nkakrankakra. de kɔ dua biara ase Ɛmma wunnya adwumaden bere a ɛde nsu a ɛkɔ so daa kɔ ntini no mu tẽẽ no."
How can I measure the right amount of liquid fertilizer or water to give each seedling without expensive tools?,"You can use standard plastic cups or small tins as measurement units to ensure every seedling receives the exact same amount of liquid, preventing plant damage from over-application.",Nutrient and Input Application,"Regarding the cocoa, it has become a matter of discussion. The work you demonstrated, where you reached the point of using a cup and such for irrigation—that is what we first wanted to find out: how things are when you do the work and it thrives, and about the attachments and all that, because there is a reason.",ɔhyeɛfoɔ ɛyɛ cocoa a ɛno aba abɛyɛ nsɛm nna hɔ adwuma a woyɛeɛ woakyerɛkyerɛ sɛ yɛduru baabi koraa na wo de cup ne ade na ɛyɛ irrigation ɛno yɛde adikan deɛ ɔde yɛpɛ hu no sɛ woyɛ adwuma na adɔ ne ne nkeka ho ne adeɛ no na ɛte sɛn because bi da,1u4Dmwoh04U_030.wav,Aleke mawɔ adzidze ami alo tsi si sɔ be woatsɔ ana nuɖuɖu nuku ɖesiaɖe dɔwɔnu xɔasiwo manɔmee?,Àte ŋu azã aŋekotoku si wozãna ɖaa alo gaze sue aɖe abe dzidzenu ene atsɔ akpɔ egbɔ be tsi agbɔsɔsɔme si sɔ pɛpɛpɛ na nuku ɖesiaɖe. Esia nye be numiemiewo nagagblẽ le wo zazã fũu akpa ta o.,Te mafee tɛŋŋ masusu nu loo nu ni sa ni akɛbaahã dumɔwui lɛ eko fɛɛ eko lɛ he ni mikɛ nibii ni jara wa tsuuu nii?,Obaanyɛ okɛ plastic kɔɔpoo loo tsinsii bibioo ko ni akɛtsuɔ nii daa lɛ atsu nii akɛ nɔ ni akɛsusuɔ nii ahe koni ona nɔmimaa akɛ dumɔwu fɛɛ dumɔwu nine shɛɔ nu ni tamɔ nakai pɛpɛɛpɛ nɔ. Enɛ ji koni akafite tsei kɛtsɔ nitsumɔ fe nine nɔ.,Mɛyɛ dɛn asusuw nsuo a ɛyɛ nsuo anaa nsuo dodoɔ a ɛfata a mede bɛma nnuadewa biara aduane a nnwinnadeɛ a ne boɔ yɛ den nka ho?,Wubetumi de plastic kuruwa a wɔahyɛ da ayɛ anaa toa ketewa bi adi dwuma sɛ ade a wɔde susuw nneɛma de ahwɛ ahu sɛ nnuadewa biara benya nsu dodow koro pɛpɛɛpɛ. Eyi yɛ nea wɔde siw afifide a wɔde di dwuma boro so no nsɛe.
Why do my cocoa trees drop their flowers before they turn into full pods?,"Cocoa trees naturally shed flowers if they experience stress, such as a sudden lack of water, extreme heat, or insufficient nutrients in the soil.",Crop Behavior and Health,"Regarding the cocoa, it has become a matter of discussion. The work you demonstrated, where you reached the point of using a cup and such for irrigation—that is what we first wanted to find out: how things are when you do the work and it thrives, and about the attachments and all that, because there is a reason.",ɔhyeɛfoɔ ɛyɛ cocoa a ɛno aba abɛyɛ nsɛm nna hɔ adwuma a woyɛeɛ woakyerɛkyerɛ sɛ yɛduru baabi koraa na wo de cup ne ade na ɛyɛ irrigation ɛno yɛde adikan deɛ ɔde yɛpɛ hu no sɛ woyɛ adwuma na adɔ ne ne nkeka ho ne adeɛ no na ɛte sɛn because bi da,1u4Dmwoh04U_030.wav,Nukatae nye kakao numiemiewo le seƒoƒowo ƒom hafi va le seƒoƒo ƒom?,"Kokootiwo aƒo se le dzɔdzɔme nu ne nuteɖeamedzi, abe tsi ƒe anyimanɔmanɔ kpata, dzoxɔxɔ si nu sẽ, alo nunyiame siwo mesɔ gbɔ le anyigba me o ene.",Mɛni hewɔ mi-cacao tsei lɛ miiho fɔfɔi dani amɛfee ŋmeii ni eyi obɔ lɛ?,"Cocoa tsei baafɔ fɔfɔi yɛ amɛ diɛŋtsɛ amɛhe kɛji amɛna haomɔi, tamɔ nu ni bɛ trukaa, dɔlɛ ni naa wa, loo niyenii ni fa bɔ ni sa yɛ shikpɔŋ lɛ mli.",Dɛn nti na me kakao afifide no reto nhwiren ansa na ayɛ nhwiren a ɛyɛ ma?,"Koko nnua bɛfefi fi awosu mu sɛ wonya adwennwen te sɛ nsu a wonnya mpofirim, ɔhyew a ano yɛ den, anaa aduannuru a ɛnnɔɔso wɔ asase no mu a."
What causes my cocoa leaves to turn yellow and dry out at the edges?,"Yellow leaves with dry edges usually indicate that the plant is getting too much harsh sunlight without enough moisture, or that the soil is lacking essential nutrients like nitrogen.",Crop Behavior and Health,"Regarding the cocoa, it has become a matter of discussion. The work you demonstrated, where you reached the point of using a cup and such for irrigation—that is what we first wanted to find out: how things are when you do the work and it thrives, and about the attachments and all that, because there is a reason.",ɔhyeɛfoɔ ɛyɛ cocoa a ɛno aba abɛyɛ nsɛm nna hɔ adwuma a woyɛeɛ woakyerɛkyerɛ sɛ yɛduru baabi koraa na wo de cup ne ade na ɛyɛ irrigation ɛno yɛde adikan deɛ ɔde yɛpɛ hu no sɛ woyɛ adwuma na adɔ ne ne nkeka ho ne adeɛ no na ɛte sɛn because bi da,1u4Dmwoh04U_030.wav,Nukae na nye kokoo aŋgbawo le ɣie eye wole ƒuƒum le eƒe goawo dzi?,"Zi geɖe la, aŋgbawo ƒe nugbɔ ɣi siwo ƒu la ɖenɛ fiana be ɣe ƒe keklẽ si klẽna akpa la de numiemiea me evɔ tsi mesɔ gbɔ o. Alo nunyiame veviwo abe nitrogen ene mele anyigbaa me o.",Mɛni miiha mi-kokoo baai lɛ miifee ŋmɔŋ ni amɛmiigbi yɛ amɛshishigbɛ?,"Bei pii lɛ, ŋmeii ni yɔɔ baai lɛ anɔ ni egbi lɛ tsɔɔ akɛ hulu la ni tsoɔ waa lɛ eshɛ tso lɛ he ni nu ni fa bɔ ni sa bɛ mli. Aloo niyenii ni he hiaa tamɔ nitrogen bɛ shikpɔŋ lɛ nɔ.",Dɛn na ɛrema me kokoo nhaban reyɛ kɔkɔɔ na ayow wɔ anoano?,"Mpɛn pii no, nhaban no ano kɔkɔɔ na ɛyɛ nwunu kyerɛ sɛ afifide no akɔ owia hann a ano yɛ den dodo mu a nsu a ɛdɔɔso nni mu. Anaasɛ asase no nni aduannuru a ɛho hia te sɛ nitrogen."
Why are some cocoa trees on my farm growing very fast while others remain small?,"Cocoa trees grow at different speeds depending on variations in soil quality across your farm, differing sunlight exposure, or competition for nutrients from nearby weed roots.",Crop Behavior and Health,"Regarding the cocoa, it has become a matter of discussion. The work you demonstrated, where you reached the point of using a cup and such for irrigation—that is what we first wanted to find out: how things are when you do the work and it thrives, and about the attachments and all that, because there is a reason.",ɔhyeɛfoɔ ɛyɛ cocoa a ɛno aba abɛyɛ nsɛm nna hɔ adwuma a woyɛeɛ woakyerɛkyerɛ sɛ yɛduru baabi koraa na wo de cup ne ade na ɛyɛ irrigation ɛno yɛde adikan deɛ ɔde yɛpɛ hu no sɛ woyɛ adwuma na adɔ ne ne nkeka ho ne adeɛ no na ɛte sɛn because bi da,1u4Dmwoh04U_030.wav,Nukatae kakaoti aɖewo siwo le nye agble dzi le tsitsim kabakaba alea gbegbe evɔ bubuwo ya gakpɔtɔ le sue?,Kokootiwo tsina le duƒuƒu vovovowo me. Esia nɔ te ɖe tɔtrɔ siwo va le anyigba ƒe nyonyome me le wò agble bliboa me dzi. ɣe ƒe keklẽ vovovowo alo hoʋiʋli ɖe nunyiame siwo tso gbe ƒe ke siwo te ɖe wo ŋu me ŋu.,Mɛni hewɔ cacao tsei komɛi ni yɔɔ miŋmɔ lɛ mli lɛ miida oya yɛ be mli ni ekrokomɛi hu daraaa lolo lɛ?,Cocoa tsei daa oya yɛ srɔtoi amli. Enɛ damɔ tsakemɔi ni baa shikpɔŋ lɛ nɔ yɛ oŋmɔ lɛ mli fɛɛ lɛ nɔ. hulu la ni yɔɔ srɔtoi loo akaŋshii kɛha niyenii ni jɛɔ jwɛi shishifãi ni bɛŋkɛ lɛ amli.,Dɛn nti na kakao nnua bi a ɛwɔ m’afuw mu renyin ntɛmntɛm saa bere a afoforo da so ara yɛ nketewa?,Ɛsono sɛnea kokoo nnua nyin ntɛmntɛm. Eyi gyina nsakrae a ɛba asase no su mu wɔ w’afuw no nyinaa mu so. owia hann soronko anaasɛ akansi a wɔde hwehwɛ aduannuru a efi nwura ntini a ɛbɛn hɔ mu.
How does too much standing water around the base affect my cocoa trees?,"When water sits around the base of a cocoa tree for too long, it prevents the roots from breathing, leading to root rot which causes leaves to turn yellow and fall off.",Crop Behavior and Health,"Regarding the cocoa, it has become a matter of discussion. The work you demonstrated, where you reached the point of using a cup and such for irrigation—that is what we first wanted to find out: how things are when you do the work and it thrives, and about the attachments and all that, because there is a reason.",ɔhyeɛfoɔ ɛyɛ cocoa a ɛno aba abɛyɛ nsɛm nna hɔ adwuma a woyɛeɛ woakyerɛkyerɛ sɛ yɛduru baabi koraa na wo de cup ne ade na ɛyɛ irrigation ɛno yɛde adikan deɛ ɔde yɛpɛ hu no sɛ woyɛ adwuma na adɔ ne ne nkeka ho ne adeɛ no na ɛte sɛn because bi da,1u4Dmwoh04U_030.wav,Aleke tsi si le tsitrenu fũu ƒo xlã gɔmeɖoanyia kpɔa ŋusẽ ɖe nye kakao numiemiewo dzii?,"Ne tsi ƒo xlã kokooti la ƒe gɔme ɣeyiɣi didi akpa la Ana keawo nagbɔdzɔ. Esia wɔnɛ be kewo gblẽna, si wɔnɛ be aŋgbawo zua ɣie eye wodzena.",Te nu ni damɔ shi babaoo ni ebɔle shishitoo lɛ he lɛ saa mi cacao tsei lɛ ahe ehaa tɛŋŋ?,"Kɛ nu hi kookoo tso lɛ shishi be kakadaŋŋ tsɔ Ebaaha shishifãi lɛ agbɔjɔ. Enɛ haa shishifãi lɛ fiteɔ, ni no haa baai lɛ feɔ ŋmɔŋ ni amɛgbeeɔ shi.",Ɔkwan bɛn so na nsu a egyina hɔ dodow a atwa nnyinaso no ho ahyia no ka me kakao afifide no?,"Sɛ nsuo tena kokoo dua no ase kyɛ dodo a Ɛbɛma ntini no amene. Eyi ma ntini porɔw, na ɛma nhaban no dan kɔla na ɛhwe ase."
Why do my young cocoa plants need shade trees planted around them?,"Young cocoa trees have delicate leaves that sunburn easily under direct heat. Shade trees act like protective canopies, keeping the soil cool and reducing moisture loss from the ground.",Shade and Farm Management,"Regarding the cocoa, it has become a matter of discussion. The work you demonstrated, where you reached the point of using a cup and such for irrigation—that is what we first wanted to find out: how things are when you do the work and it thrives, and about the attachments and all that, because there is a reason.",ɔhyeɛfoɔ ɛyɛ cocoa a ɛno aba abɛyɛ nsɛm nna hɔ adwuma a woyɛeɛ woakyerɛkyerɛ sɛ yɛduru baabi koraa na wo de cup ne ade na ɛyɛ irrigation ɛno yɛde adikan deɛ ɔde yɛpɛ hu no sɛ woyɛ adwuma na adɔ ne ne nkeka ho ne adeɛ no na ɛte sɛn because bi da,1u4Dmwoh04U_030.wav,Nukatae wòhiã be woatsɔ vɔvɔlitiwo aƒo xlã nye kokooti fẽ?,Aŋgba fẽwo le kakao-ti fẽwo ŋu eye ŋdɔ ʋuna bɔbɔe ne wodo wo ɖe dzoxɔxɔ tẽ me. Vɔvɔlitiwo wɔa dɔ abe xɔmetsovɔ ene. Ekpena ɖe anyigbaa ŋu wòfa eye wòɖea tsi si bu tso anyigba me dzi kpɔtɔna.,Mɛni hewɔ ehe hiaa ni tsei ni haa hulutsoo lɛ abɔle mi-kokoo tso bibioo lɛ he lɛ?,"Cacao tsei bibii lɛ yɛ baai bibii ni kɛ́ hulu lɛ tsoɔ tɛ̃ɛ lɛ, hulu lɛ shãa amɛ oya. Tsei ni haa hulu tsoɔ lɛ tsuɔ nii tamɔ ŋwɛi ŋta. Eyeɔ ebuaa ni shikpɔŋ lɛ nɔ fɛ̃ɔ ni ehaa ŋmɔtɔ ni jɛɔ shikpɔŋ lɛ nɔ lɛ baa shi.",Dɛn nti na ɛsɛ sɛ wɔde sunsuma nnua twa me koko dua kumaa no ho hyia?,Kakao nnua nketewa wɔ nhaban nketewa a ɛnyɛ den sɛ owia bɛhyew bere a wɔde hyɛ ɔhyew tẽẽ mu no. Nnua a ɛyɛ sunsuma yɛ adwuma te sɛ nkataso. Ɛboa ma asase no yɛ nwini na ɛtew nsu a ɛyera fi fam no so.
Why are the leaves on my cocoa trees turning yellow and dropping off during the dry season?,"Cocoa trees naturally drop leaves during the dry Harmattan season to reduce water loss. However, severe leaf yellowing and drop often mean the trees lack adequate shade from larger trees or are stressed by a shortage of soil nutrients like nitrogen and potassium.",Crop Symptoms and Growth Behavior,"In 2010 at the house, yeah, the interview took place because I was coming to say that the money I paid to the government amounted to seventy... why did someone cheat me in the transaction? But as a Ghanaian, I feel that only the number one gentleman of the land can speak on my behalf to help me and take me forward. Hmm, so I fought the customer.",2010 the lat present tatame house yeah interview no yɛ because merebɛkaa sɛ no sika a metua ama aban no ama seventy wordt of mention adɛn na trans obi sisi me but me yɛ ghanani deɛ the number one gentleman of the land pɛ na me feel sɛ ɔbɛtumi aka masɛm ama me sɛ ɔboa me kumfaa me kɔ hmm nti me fight the customer me,GV1jUdzu2FM_030.wav,Nukatae nye kokoo aŋgbawo zua ɣie eye wodzena le kuɖiɣi?,"Le dzɔdzɔme nu la, kokoo-tiwo kɔa woƒe aŋgbawo ɖi le Harmattan ƒe kuɖiɣi be tsi si buna dzi naɖe akpɔtɔ. Gake zi geɖe la, atiawo ƒe ɣie vevie eye aŋgbawo buna la, efia be vɔvɔli si sɔ mele atiawo ŋu tso ati gãwo gbɔ o. Alo nuteɖeamedzi si tso nunyiame siwo le anyigba me, abe nitrogen kple potassium ene, ƒe anyimanɔmanɔ gbɔe.",Mɛni hewɔ mi-kookoo baai lɛ feɔ ŋmɔŋ ni amɛgbeeɔ shi yɛ hulutsoo be lɛ mli lɛ?,"Cocoa tsei lɛ shwieɔ amɛbaai lɛ yɛ amɛ diɛŋtsɛ amɛhe yɛ Harmattan nugbɔshiimɔ be lɛ mli koni nu ni fiteɔ lɛ aba shi. Shi kɛlɛ, bei pii lɛ, ŋmɔŋ ni naa wa kɛ baai ni laajeɔ lɛ tsɔɔ akɛ tsei lɛ bɛ hulutsoo ni sa kɛjɛ tsei wuji lɛ adɛŋ. Aloo haomɔ ni jɛɔ niyenii ni haa mɔ hewalɛ, tamɔ nitrogen kɛ potassium ni bɛ shikpɔŋ lɛ mli lɛ mli baa lɛ ji nɔ ni kɛbaa.",Dɛn nti na me koko nhaban dan kɔla na ɛtɔ wɔ ɔpɛ bere mu?,"Koko nnua fi awosu mu hwie wɔn nhaban gu wɔ Harmattan ɔpɛ bere mu na ama nsu a wɔhwere no so atew. Nanso, nhaban a ɛyɛ kɔkɔɔ kɛse na ɛyera no taa kyerɛ sɛ nnua no nni sunsuma a ɛfata mfi nnua akɛse hɔ. Anaasɛ efi adwennwen a efi aduannuru a enni asase no mu, te sɛ nitrogen ne potassium mu."
"Why does my cassava plant grow very tall with thick green leaves, but the tubers underground remain very small?","When soil has too much nitrogen, the cassava plant spends all its energy growing branches and leaves above the ground instead of storing starch in the root tubers below.",Crop Symptoms and Growth Behavior,"In 2010 at the house, yeah, the interview took place because I was coming to say that the money I paid to the government amounted to seventy... why did someone cheat me in the transaction? But as a Ghanaian, I feel that only the number one gentleman of the land can speak on my behalf to help me and take me forward. Hmm, so I fought the customer.",2010 the lat present tatame house yeah interview no yɛ because merebɛkaa sɛ no sika a metua ama aban no ama seventy wordt of mention adɛn na trans obi sisi me but me yɛ ghanani deɛ the number one gentleman of the land pɛ na me feel sɛ ɔbɛtumi aka masɛm ama me sɛ ɔboa me kumfaa me kɔ hmm nti me fight the customer me,GV1jUdzu2FM_030.wav,Nukatae nye yucca tsina alea gbegbe eye aŋgba dama ɣiwo nɔa eŋu? Gake aŋgba siwo le anyigba te la le sue ŋutɔa?,Ne nitrogen sɔ gbɔ ɖe anyigba me akpa Cassava numiemie zãa eƒe ŋusẽ katã tso alɔ kple aŋgba siwo le tsitsim le anyigba dzi me. Ke boŋ wodzraa starch ɖo ɖe ke si le ete la me.,Mɛni hewɔ mi yucca lɛ daa ni eyɛ baai ni yɔɔ ŋmɔlɔŋmɔlɔ lɛ? Shi shikpɔŋ shishi ŋmeii lɛ daraaa kwraa?,"Beni shikpɔŋ lɛ nɔ nitrogen fa tsɔ lɛ Cassava tso lɛ kɛ ehewalɛ fɛɛ ni jɛɔ niji kɛ baai ni miida yɛ shikpɔŋ lɛ nɔ lɛ tsuɔ nii. Mohu ɔ, a kɛ starch toɔ tso ɔ sisi fã nɛ ngɛ sisi ɔ mi.",Dɛn nti na me yucca nyin tenten saa na ɛwɔ nhaban momono a ɛyɛ den? Nanso nnua a ɛwɔ asase ase no sua koraa?,"Sɛ asase no wɔ nitrogen pii a Cassava afifide no de n’ahoɔden nyinaa a efi nkorabata ne nhaban a ɛrenyin wɔ fam no mu di dwuma. Mmom no, wɔde starch sie ntini a ɛwɔ ase hɔ no mu."
Why do my tomato flowers fall off the plant before producing any fruits?,"Tomato flowers drop when the plant experiences stress from very high temperatures, irregular watering, or a lack of pollination. Without steady moisture and proper heat management, the flower fails to set fruit.",Crop Symptoms and Growth Behavior,"In 2010 at the house, yeah, the interview took place because I was coming to say that the money I paid to the government amounted to seventy... why did someone cheat me in the transaction? But as a Ghanaian, I feel that only the number one gentleman of the land can speak on my behalf to help me and take me forward. Hmm, so I fought the customer.",2010 the lat present tatame house yeah interview no yɛ because merebɛkaa sɛ no sika a metua ama aban no ama seventy wordt of mention adɛn na trans obi sisi me but me yɛ ghanani deɛ the number one gentleman of the land pɛ na me feel sɛ ɔbɛtumi aka masɛm ama me sɛ ɔboa me kumfaa me kɔ hmm nti me fight the customer me,GV1jUdzu2FM_030.wav,Nukatae nye tomatos seƒoƒowo le gegem tso numiemiea dzi hafi le ku tsem?,Tomatos seƒoƒowo ɖiɖina ne numiemiewo te nuteɖeamedzi le dzoxɔxɔ si nu sẽ ŋutɔ ta. Tsidede agble edziedzi alo pollination ƒe anyimanɔmanɔ Ne fafa nɔa anyi ɖaa eye dzoxɔxɔ dzi kpɔkpɔ nyuie meli o Seƒoƒowo mate ŋu atse ku o.,Mɛni hewɔ mi tomato fɔfɔi lɛ miiho kɛmiijɛ tso lɛ nɔ dani amɛwo yibii lɛ?,Tomato fɔfɔii lɛ shwieɔ shi kɛji tsei lɛ na nɔnyɛɛ ni jɛɔ hulutsoo ni naa wa waa mli baa lɛ. Nu ni akɛshwieɔ nɔ be fɛɛ be loo pollination ni bɛ Kɛji hulutsoo be fɛɛ be kɛ dɔlɛ he gbɛjianɔtoo kpakpa bɛ lɛ Fɔfɔi nyɛŋ awo yibii.,Dɛn nti na me tomato nhwiren no retɔ afi afifide no so ansa na asow aba?,Tomato nhwiren so tew bere a afifide nya adwennwen fi ɔhyew a ɛkɔ soro kɛse mu no. Nsu a wɔde gugu nnɔbae so daa anaasɛ pollination a enni hɔ Sɛ nsu a ɛyɛ nwini daa na wɔmfa ɔhyew nni dwuma yiye a Nhwiren ntumi nsow aba.
"Why do the leaves on my pepper plants curl up, shrink, and stop growing properly?","Leaf curling in pepper plants is usually caused by tiny sucking insects like thrips or whiteflies feeding on the sap, or by a virus transmitted by these insects that distorts plant growth.",Crop Symptoms and Growth Behavior,"In 2010 at the house, yeah, the interview took place because I was coming to say that the money I paid to the government amounted to seventy... why did someone cheat me in the transaction? But as a Ghanaian, I feel that only the number one gentleman of the land can speak on my behalf to help me and take me forward. Hmm, so I fought the customer.",2010 the lat present tatame house yeah interview no yɛ because merebɛkaa sɛ no sika a metua ama aban no ama seventy wordt of mention adɛn na trans obi sisi me but me yɛ ghanani deɛ the number one gentleman of the land pɛ na me feel sɛ ɔbɛtumi aka masɛm ama me sɛ ɔboa me kumfaa me kɔ hmm nti me fight the customer me,GV1jUdzu2FM_030.wav,"Nukatae aŋgba siwo le nye atadi numiemiea dzi le ƒoƒom, le ɖeɖem kpɔtɔ eye wole tsitsim nyuie?","Zi geɖe la, nudzodzoe sue siwo noa nu abe thrips alo whiteflies ene siwo ɖua tsi si le eme gbɔe aŋgbawo ƒona ɖe atadi numiemiewo dzi. alo to dɔlékui siwo nudzodzoe siawo kaka si trɔa numiemiewo ƒe tsitsi dzi","Mɛni hewɔ baai ni yɔɔ mi-pepper tso lɛ nɔ lɛ miihoso, amɛmiigbɔjɔ ni amɛmiikpa dalɛ kpakpa lɛ?","Bei pii lɛ, kooloi bibii ni nuɔ nu tamɔ thrips loo whiteflies ni yeɔ nu lɛ mli nu lɛ ji nɔ ni kɛ baai ni shwieɔ pepper tsei anɔ lɛ baa. aloo kɛtsɔ helai ni gbeɔ mɔ ni nɛkɛ kooloi bibii nɛɛ gbɛɔ eshwaa ni fiteɔ tsei lɛ adalɛ nɔ","Dɛn nti na nhaban a ɛwɔ me ɛmo dua no so no reyɛ kurukuruwa, ɛretew na ɛregyae nyin a ɛfata?","Mpɛn pii no, nkoekoemmoa nketewa a wɔnom te sɛ thrips anaa nwansena fitaa a wodi nsu no na ɛma nhaban a ɛyɛ kurukuruwa wɔ ɛmo afifide so. anaasɛ ɛnam mmoawa a nkoekoemmoa yi trɛw a wɔkyinkyim afifide nyin so"
Why are the leaves of my young maize plants turning pale yellow instead of dark green?,"Yellow leaves usually mean the soil lacks nitrogen, which is the main food maize needs to grow green and strong. Adding nitrogen-rich fertilizer like NPK or well-rotted animal manure gives the plants the nutrients required to regain their healthy green color.",Soil & Fertilization,"And the transport officer, okay, and the work I was doing, I was also doing side hustles along with it. And the white man for the job said I was just doing it to pass time. Oh okay, what we would call a hall, so it's not like I went to a specific school to study it, or that I was studying it; they all just do it.",na ɛsɛ transport officer okay na na adwuma no a na mereyɛ no na kwaadwuma no nso mede abata ho na adwuma no broni bɛkaa sɛ na ɛyɛ mede gyegye m'ani oh okay a yɛbɛfrɛ no sɛ hall bi nti nyɛ adeɛ sɛ mekɔ agreed school bi ɛkɔ suae anaasɛ merekɔsua no deɛ na ɔmo nyinaa yɛ,iEcjfQh1G0U_013.wav,Nukatae nye bli numiemie vidzĩwo ƒe aŋgbawo le ɣie ɣie le esi teƒe be woazu amadede dzẽ viviti?,"Zi geɖe la, aŋgba ɣiwo fia be nitrogen mele anyigbaa me o. Esiae nye nuɖuɖu vevitɔ si bli hiã be wòatsi amagbe eye wòasẽ. Ne wotsɔ ami si me nitrogen sɔ gbɔ ɖo abe NPK alo aɖuɖɔ si gblẽ nyuie ene kpe ɖe eŋu la, ana numiemieawo nakpɔ nunyiame siwo wohiã be woagatsi amagbe eye woanɔ lãmesẽ me ake.",Mɛni hewɔ mi-baby corn tsei lɛ baai lɛ miitsɔ ŋmɔŋ ni mli tse yɛ ŋmɔŋ ni mli edɔ najiaŋ lɛ?,"Bei pii lɛ, baai ni yɔɔ ŋmɔŋ lɛ tsɔɔ akɛ nitrogen bɛ shikpɔŋ lɛ nɔ. Enɛ ji niyenii titri ni he hiaa ŋmãa koni etsɔ eŋɔli ni ehe wa. Kɛ́ akɛ ŋmɔshi nibii ni nitrogen eyi mli obɔ tamɔ NPK loo ŋmɔshi nibii ni egbo jogbaŋŋ fata he lɛ, ebaaha tsei lɛ aná niyenii ni he hiaa amɛ koni amɛkwɛ̃ ni amɛná hewalɛ ekoŋŋ.",Dɛn nti na me nkokoaa atoko afifide nhaban reyɛ kɔkɔɔ a ɛyɛ mmerɛw mmom sen sɛ ɛbɛyɛ ahabammono tuntum?,"Mpɛn pii no, nhaban kɔkɔɔ kyerɛ sɛ asase no nni nitrogen. Eyi ne aduan titiriw a atoko hia na ama ayɛ ahabammono na ayɛ den. Sɛ wode aduannuru a nitrogen wom te sɛ NPK anaa nwura a aporɔw yiye ka ho a, ɛbɛma afifide no anya aduannuru a wohia na ama ayɛ ahabammono na ayɛ apɔwmuden bio."
Why is it bad for me to plant maize on the exact same piece of land every single year?,Planting the same crop every season drains the exact same nutrients from the soil repeatedly and allows crop-specific pests and diseases to build up in the field. Rotating with legumes like groundnuts or cowpeas restores nutrients naturally back into the soil.,Soil & Fertilization,"And the transport officer, okay, and the work I was doing, I was also doing side hustles along with it. And the white man for the job said I was just doing it to pass time. Oh okay, what we would call a hall, so it's not like I went to a specific school to study it, or that I was studying it; they all just do it.",na ɛsɛ transport officer okay na na adwuma no a na mereyɛ no na kwaadwuma no nso mede abata ho na adwuma no broni bɛkaa sɛ na ɛyɛ mede gyegye m'ani oh okay a yɛbɛfrɛ no sɛ hall bi nti nyɛ adeɛ sɛ mekɔ agreed school bi ɛkɔ suae anaasɛ merekɔsua no deɛ na ɔmo nyinaa yɛ,iEcjfQh1G0U_013.wav,Nukatae wògblẽa nu le ŋunye be made bli le anyigba ɖeka dzi ƒe sia ƒe?,"Numiemie ɖeka mawo ke dodo le ɣeyiɣi ɖesiaɖe me ana nunyiame mawo ke nado le anyigba me enuenu. kple nudzodzoeviwo kple dɔléle siwo koŋ hea numiemie siwo le anyigbaa dzi vɛ Ne wotrɔ asi le mɔliwo abe atikutsetse alo nyitsu ene ŋu la, ana nunyiamewo natrɔ ayi anyigba me le dzɔdzɔme nu.",Mɛni hewɔ ehiii akɛ madu ŋmãa yɛ shikpɔŋ kome nɔ daa afi lɛ?,"Tsei komekomei ni aduɔ daa be lɛ baajie niyenii mli hewalɛ kome too lɛ nɔŋŋ kɛjɛ shikpɔŋ lɛ mli shii abɔ. ni ekɛ tsɛŋemɔ helai kɛ helai ni kɔɔ tsei pɔtɛɛ ni yɔɔ shikpɔŋ lɛ nɔ lɛ ahe baa Kɛ akɛ ŋmeii tamɔ ŋmeii loo tsina ŋmeii tsakeɔ lɛ, ebaaha niyenii mli hewalɛ aku sɛɛ aba shikpɔŋ lɛ nɔ yɛ adebɔɔ naa.",Adɛn nti na enye sɛ mɛdua atoko wɔ asase korɔ so afe biara?,"Sɛ wodua afifide koro no ara bere biara a, ɛbɛma aduannuru koro no ara afi asase no mu mpɛn pii. na ɛde mmoawa a wɔsɛe nnɔbae ne nyarewa pɔtee a ɛfa afifide a ɛwɔ asase no so ho ba Sɛ wɔde atoko te sɛ atoko anaa nantwinam di akɔneaba a, efi awosu mu no, ɛbɛma aduannuru asan akɔ asase no mu."
Will I harvest more food if I plant my crop seeds very close together in the field?,"No, planting seeds too close causes the crops to fight each other for limited sunlight, water, and soil nutrients, leading to thin, weak plants with small yields. Giving crops proper spacing ensures every plant gets enough resources to produce a large harvest.",Plant Spacing & Support,"And the transport officer, okay, and the work I was doing, I was also doing side hustles along with it. And the white man for the job said I was just doing it to pass time. Oh okay, what we would call a hall, so it's not like I went to a specific school to study it, or that I was studying it; they all just do it.",na ɛsɛ transport officer okay na na adwuma no a na mereyɛ no na kwaadwuma no nso mede abata ho na adwuma no broni bɛkaa sɛ na ɛyɛ mede gyegye m'ani oh okay a yɛbɛfrɛ no sɛ hall bi nti nyɛ adeɛ sɛ mekɔ agreed school bi ɛkɔ suae anaasɛ merekɔsua no deɛ na ɔmo nyinaa yɛ,iEcjfQh1G0U_013.wav,Ðe maŋe nuɖuɖu geɖe wu ne meƒã nukuwo ɖe wo nɔewo ŋu wu le agble aɖe mea?,"Ao, nukuwo dodo ɖe wo nɔewo gbɔ akpa ana numiemieawo naʋli ɣe ƒe keklẽ, tsi kple nunyiame siwo le anyigba me si seɖoƒe li na ta. Esia wɔnɛ be numiemie siwo le tsɛ eye wogbɔdzɔ eye wometsea ku boo o. Dometsotso nyuitɔ nana nukuwo dome nana be numiemie ɖesiaɖe xɔa nunɔamesi siwo sɔ be wòate ŋu aŋe nu geɖe.",Ani makpa niyenii babaoo kɛji midu dumɔwui ni bɛŋkɛ amɛhe yɛ ŋmɔ ko mli?,"Dabi, dumɔwui ni aduɔ yɛ he ko ni bɛŋkɛ tsɔ lɛ baaha tsei lɛ awuu koni amɛná hulu la ni faaa, nu kɛ niyenii ni haa mɔ hewalɛ ni yɔɔ sũ lɛ mli lɛ. Enɛ haa tsei ni yɔɔ mlɛo ni bɛ hewalɛ ni yibiiwoo fioo pɛ baa. Kɛ́ akɛ gbɛ ni sa kã ŋmɔshi nibii ateŋ lɛ, ehaa tso fɛɛ tso naa nibii ni fa bɔ ni sa ni baaha ekpa nii babaoo.","Sɛ midua aba a ɛbɛn afuw bi mu a, so mɛtwa aduan pii?","Dabi, sɛ wodua aba bɛn dodo a, ɛbɛma afifide no ako ama owia hann, nsu ne aduannuru a ɛwɔ asase no mu kakraa bi. Eyi ma afifide a ɛyɛ tratraa na ɛyɛ mmerɛw a aba kakraa bi na ɛba. Sɛ wɔma nnɔbae ntam kwan fata a, ɛma afifide biara nya nneɛma a ɛdɔɔso a ɛbɛma wɔatwa nnɔbae pii."
Why do I need to put long wooden sticks in the ground for my yam vines to climb?,"Yam leaves need direct sunlight to produce the energy required to grow large tubers underground. Staking lifts the foliage off the damp soil into the sunlight, which also prevents fungal diseases from destroying wet leaves on the ground.",Plant Spacing & Support,"And the transport officer, okay, and the work I was doing, I was also doing side hustles along with it. And the white man for the job said I was just doing it to pass time. Oh okay, what we would call a hall, so it's not like I went to a specific school to study it, or that I was studying it; they all just do it.",na ɛsɛ transport officer okay na na adwuma no a na mereyɛ no na kwaadwuma no nso mede abata ho na adwuma no broni bɛkaa sɛ na ɛyɛ mede gyegye m'ani oh okay a yɛbɛfrɛ no sɛ hall bi nti nyɛ adeɛ sɛ mekɔ agreed school bi ɛkɔ suae anaasɛ merekɔsua no deɛ na ɔmo nyinaa yɛ,iEcjfQh1G0U_013.wav,Nukatae wòhiã be matsɔ ati kakɛ didiwo aɖo teƒea? Tsɔe de anyigba be mɔli ƒe weinka la nalia?,Mɔli aŋgbawo hiã ɣe ƒe keklẽ tẽ hafi woate ŋu akpɔ ŋusẽ si hiã be woatsɔ atsi aŋgba gãwo le anyigba te. Aŋgbawo tsɔtsɔ ɖe ati ŋu kɔa aŋgbawo tso anyigba xɔdzoa dzi yia ɣe ƒe keklẽ me. Esia kpena ɖe ame ŋu be fungi ƒe dɔlélewo nagagblẽ aŋgba xɔdzo siwo le anyigba dzi o.,Mɛni hewɔ ehe hiaa ni makɛ tsei kakadaji ama shi lɛ? Okɛwo shikpɔŋ koni sweet potato wain tso lɛ akwɔ?,Hulu la he miihia sweet potato baai lɛ tɛ̃ɛ koni amɛná hewalɛ ni he hiaa koni amɛkwɛ ŋmeii wuji yɛ shikpɔŋ shishi. Staking woɔ baai lɛ anɔ kɛjɛɔ shikpɔŋ ni mli edɔ lɛ nɔ kɛyaa hulu la lɛ mli. Enɛ yeɔ ebuaa ni tsɛŋemɔ helai ni haa mɔ he jɔ̃ɔ ehe lɛ akafite baai ni efɔ yɛ shikpɔŋ lɛ nɔ lɛ.,Dɛn nti na ɛsɛ sɛ mede nnua asinasin atenten si hɔ? Fa gu fam ma ɛmo bobe no foro?,Ɛmo nhaban hia owia hann tẽẽ na ama wɔanya ahoɔden a ehia na ama nnua akɛse anyin wɔ asase ase. Staking ma nhaban no fi asase a ɛyɛ nwini no mu kɔ owia hann mu. Eyi boa ma fungal nyarewa nsɛe nhaban a ɛyɛ nsu a ɛwɔ fam no.
Why do my cassava roots rot underground in the soil before I get to harvest them?,Cassava roots rot when excessive rainwater sits in heavy soil and smothers the root system. Planting your cassava on raised soil mounds or ridges allows excess water to drain away easily so the roots stay healthy.,Water & Shade Management,"And the transport officer, okay, and the work I was doing, I was also doing side hustles along with it. And the white man for the job said I was just doing it to pass time. Oh okay, what we would call a hall, so it's not like I went to a specific school to study it, or that I was studying it; they all just do it.",na ɛsɛ transport officer okay na na adwuma no a na mereyɛ no na kwaadwuma no nso mede abata ho na adwuma no broni bɛkaa sɛ na ɛyɛ mede gyegye m'ani oh okay a yɛbɛfrɛ no sɛ hall bi nti nyɛ adeɛ sɛ mekɔ agreed school bi ɛkɔ suae anaasɛ merekɔsua no deɛ na ɔmo nyinaa yɛ,iEcjfQh1G0U_013.wav,Nukatae nye cassava kewo gblẽna le anyigba te hafi woŋea wo?,Cassava ƒe kewo gblẽna ne tsi dza fũ le anyigba sesẽwo dzi eye wògblẽa nu le keawo ŋu. Cassava dodo ɖe togbɛ alo togbɛ si wodo ɖe dzi la wɔnɛ be tsi si sɔ gbɔ la te ŋu sina bɔbɔe. Keawo sesẽ.,Mɛni hewɔ mi-cassava shishifãi lɛ fiteɔ yɛ shikpɔŋ shishi dani akpaa lɛ?,Cassava shishifãi lɛ fiteɔ kɛji nugbɔ nɛ babaoo yɛ shikpɔŋ ni mli wa nɔ ni efiteɔ shishifãi lɛ. Kasava ni aduɔ yɛ gɔŋ loo ŋshɔkpɔ ni nɔ kwɔ nɔ lɛ haa nu ni fa fe nine lɛ hoɔ oya. Shishifãi lɛ wa.,Dɛn nti na me cassava ntini porɔw wɔ asase ase ansa na wɔatwa?,"Cassava ntini porɔw bere a osu tɔ pii wɔ asase a emu yɛ den mu na ɛsɛe ntini no. Sɛ wodua cassava wɔ bepɔw anaa abon a ɛkorɔn so a, ɛma nsu a ɛboro so no tumi kɔ ntɛmntɛm. Ntini no mu yɛ den."
Why do my young cocoa trees dry up and die during the hot harmattan season?,"Dry harmattan winds and intense sunlight draw water out of young cocoa plants faster than their small roots can drink it. Planting plantains alongside young cocoa provides shade and traps moisture, protecting the seedlings until they grow strong roots.",Water & Shade Management,"And the transport officer, okay, and the work I was doing, I was also doing side hustles along with it. And the white man for the job said I was just doing it to pass time. Oh okay, what we would call a hall, so it's not like I went to a specific school to study it, or that I was studying it; they all just do it.",na ɛsɛ transport officer okay na na adwuma no a na mereyɛ no na kwaadwuma no nso mede abata ho na adwuma no broni bɛkaa sɛ na ɛyɛ mede gyegye m'ani oh okay a yɛbɛfrɛ no sɛ hall bi nti nyɛ adeɛ sɛ mekɔ agreed school bi ɛkɔ suae anaasɛ merekɔsua no deɛ na ɔmo nyinaa yɛ,iEcjfQh1G0U_013.wav,Nukatae nye kakao-ti fẽwo ƒuna hekuna le harmattan ƒe dzoxɔxɔ ƒe ɣeyiɣia me?,"Harmattan ya ƒuƒuwo kple ŋdɔkutsu dzatsɛwo hea tsi tso kokooti fẽwo me kabakaba wu ke suewo. Woate ŋu ano numiemiea me nu siwo le eme. Ne wodo nukuwo ɖe kokooti fẽwo xa la, ana vɔvɔli nanɔ wo ŋu eye tsi nanɔ wo me. Kpena ɖe nukuwo ta vaseɖe esime kewo nasẽ.",Mɛni hewɔ mi-cacao tsei bibii lɛ gbɛ́ɔ ni amɛgboiɔ yɛ harmattan be ni mli edɔ lɛ mli lɛ?,Harmattan kɔɔyɔɔ ni egbi kɛ hulu ni tsoɔ waa lɛ gbalaa nu kɛjɛɔ kookoo tsei bibii amli oya fe shishifãi bibii. Abaanyɛ anu tso lɛ mli nibii lɛ. Dumɔwui ni aduɔ yɛ kookoo tsei bibii ahe lɛ baaha hulutsoo aba ni ebaaha ŋmɔtɔ ahi mli. Eyeɔ ebuaa ni ebuɔ dumɔwui ahe kɛyashiɔ shishifãi lɛ ahe waa.,Dɛn nti na me kakao nnua nketewa no wow na wowuwu wɔ harmattan bere a ɛyɛ hyew no mu?,"Harmattan mframa a ɛyɛ kusuu ne owia a ano yɛ den twe nsu fi kokoo nnua nketewa mu ntɛmntɛm sen ntini nketenkete. Wobetumi anom afifide no mu nneɛma. Sɛ wodua nnuadewa wɔ kokoo nnua nketewa nkyɛn a, ɛbɛma woanya sunsuma na ama nsu atɔ mu. Ɛboa ma ɛbɔ nnuadewa ho ban kosi sɛ ntini no mu bɛyɛ den."
What is causing ragged holes in my maize leaves along with small brownish dirt inside the top of the plant?,Ragged holes and brownish dirt are signs of Fall Armyworm caterpillars eating the center of your maize plants. Applying recommended treatments directly into the central funnel of the plant early in the morning destroys the caterpillars before they ruin the whole crop.,Pest & Disease Control,"And the transport officer, okay, and the work I was doing, I was also doing side hustles along with it. And the white man for the job said I was just doing it to pass time. Oh okay, what we would call a hall, so it's not like I went to a specific school to study it, or that I was studying it; they all just do it.",na ɛsɛ transport officer okay na na adwuma no a na mereyɛ no na kwaadwuma no nso mede abata ho na adwuma no broni bɛkaa sɛ na ɛyɛ mede gyegye m'ani oh okay a yɛbɛfrɛ no sɛ hall bi nti nyɛ adeɛ sɛ mekɔ agreed school bi ɛkɔ suae anaasɛ merekɔsua no deɛ na ɔmo nyinaa yɛ,iEcjfQh1G0U_013.wav,Nukae le aɖatsi ƒe do siwo le nye bli aŋgbawo me tsɔ kpe ɖe ɖi suesuesue siwo le dzo dam ŋu hem vɛ? Le ati la tamea?,"Do siwo vuvu kple ɖi si le blɔ nye dzesi siwo fia be Fall Armyworm ʋetsuviwo le wò bli numiemiewo ƒe titina ɖum. Ne wotsɔ atike si wokafu la de numiemiea ƒe titinamɔa me tẽ le ŋdi me la, agblẽ ʋetsuviawo hafi agblẽ nuku bliboa.",Mɛni kɛ mi-abɛi lɛ amli ŋmeii ni shwieɔ shi lɛ kɛ muji bibii ni tsuɔ tamɔ ŋmɔtɔ lɛ baa? Yɛ tso lɛ yiteŋ?,"Buji ni etse kɛ muji ni tsuɔ tamɔ ŋmɔtɔ ji Fall Armyworm ŋmeii ni yeɔ o-corn tsei lɛ ateŋ lɛ he okadii. Kɛ́ akɛ tsofa ni atsɔɔ akɛ atsu he nii lɛ wo tso lɛ teŋgbɛ gbɛ lɛ mli tɛ̃ɛ leebi lɛ, ebaakpata ŋmeii lɛ ahiɛ dani amɛbaafite ŋmɔshi nibii lɛ fɛɛ.",Dɛn na ɛde nusu ntokuru a ɛwɔ m’atoko nhaban mu ne efĩ nketenkete a ɛyɛ bruu no reba? Wɔ dua no atifi?,"Tokuru a atetew ne efĩ a ɛyɛ bruu yɛ sɛnkyerɛnne a ɛkyerɛ sɛ Fall Armyworm nwansena redi w’atoko afifide no mfinimfini. Sɛ wɔde aduru a wɔkamfo kyerɛ no gu afifide no mfinimfini kwan no mu tẽẽ anɔpa a, ɛbɛsɛe nwansena no ansa na wɔasɛe nnɔbae no nyinaa."
Why are the leaves on my pepper plants curling upwards and twisting tightly like old paper?,Leaf curling in peppers is typically caused by tiny sucking pests like aphids or thrips that spread plant viruses while feeding on leaf sap. Controlling these pests early with neem oil or recommended sprays protects new leaves from curling.,Pest & Disease Control,"And the transport officer, okay, and the work I was doing, I was also doing side hustles along with it. And the white man for the job said I was just doing it to pass time. Oh okay, what we would call a hall, so it's not like I went to a specific school to study it, or that I was studying it; they all just do it.",na ɛsɛ transport officer okay na na adwuma no a na mereyɛ no na kwaadwuma no nso mede abata ho na adwuma no broni bɛkaa sɛ na ɛyɛ mede gyegye m'ani oh okay a yɛbɛfrɛ no sɛ hall bi nti nyɛ adeɛ sɛ mekɔ agreed school bi ɛkɔ suae anaasɛ merekɔsua no deɛ na ɔmo nyinaa yɛ,iEcjfQh1G0U_013.wav,Nukatae aŋgba siwo le atadi numiemiewo dzi la ƒoa xlã wo nɔewo hetrɔna sesĩe abe pepa xoxo ene?,"Zi geɖe la, nudzodzoe suesuesue siwo noa nu abe aphids alo thrips ene gbɔe aŋgbawo ƒe ƒoƒo ɖe atadi me tsona. si kakaa numiemiewo ƒe dɔlékuiwo esime wòle tsi si tso aŋgbawo me ɖum Ne èɖu nudzodzoevi siawo dzi kaba Neem-mi alo atike si wokafu be woatsɔ aƒu gbe la zazã akpe ɖe aŋgba yeyeawo ta tso aŋgbawo ƒe ƒoƒo me.",Mɛni hewɔ baai ni yɔɔ pepper tsei anɔ lɛ shwieɔ amɛhe ni amɛshwieɔ shi shiŋŋ tamɔ wolo momo lɛ?,"Bei pii lɛ, ŋmeii bibii ni nuɔ nu tamɔ aphids loo thrips ji nɔ ni kɛ baai ni shwieɔ ŋmeii amli lɛ baa. ni gbɛɔ tsei ahe helai eshwaa be mli ni eyeɔ tsofa ni jɛɔ baai lɛ amli nu lɛ Kudɔmɔ nɛkɛ kooloi nɛɛ anɔ mra Neem fɔ loo tsofa ni akɛwoɔ ŋaa ni akɛshwieɔ nɔ lɛ ni akɛtsuɔ nii lɛ baaye abua ni abu baai heei lɛ ahe koni amɛkafee ŋmɔlɔŋmɔlɔ.",Dɛn nti na nhaban a ɛwɔ ɛmo afifide so no twitwiw na ɛkyinkyin denneennen te sɛ krataa dedaw?,"Mpɛn pii no, nhaban a ɛyɛ kurukuruwa wɔ ɛmo mu no fi mmoawa nketenkete a wɔnom te sɛ aphids anaa thrips. a ɛtrɛw afifide mu mmoawa mu bere a ɔredi nsu a efi nhaban no mu no Sɛ wodi saa mmoawa yi so ntɛm Sɛ wode neem ngo anaa aduru a wɔkamfo kyerɛ sɛ wɔde petepete so no bedi dwuma a, ɛbɛboa ma wɔabɔ nhaban foforo no ho ban afi kurukuruwa ho."
Why are the flowers on my tomato plants falling off without turning into tomatoes?,Tomato flowers drop when the plant suffers from sudden heat stress or uneven watering. Keeping the soil consistently moist around the base of the plant during hot periods encourages the flowers to stay on and turn into tomatoes.,Flower & Yield Management,"And the transport officer, okay, and the work I was doing, I was also doing side hustles along with it. And the white man for the job said I was just doing it to pass time. Oh okay, what we would call a hall, so it's not like I went to a specific school to study it, or that I was studying it; they all just do it.",na ɛsɛ transport officer okay na na adwuma no a na mereyɛ no na kwaadwuma no nso mede abata ho na adwuma no broni bɛkaa sɛ na ɛyɛ mede gyegye m'ani oh okay a yɛbɛfrɛ no sɛ hall bi nti nyɛ adeɛ sɛ mekɔ agreed school bi ɛkɔ suae anaasɛ merekɔsua no deɛ na ɔmo nyinaa yɛ,iEcjfQh1G0U_013.wav,Nukatae seƒoƒo siwo le nye tomatos numiemiewo dzi la gena evɔ wometrɔna zua tomatos o?,Tomatos ƒe seƒoƒowo ɖiɖina ne dzoxɔxɔ ƒe nuteɖeamedzi kpata alo tsidedee si mewɔa tɔtrɔ o le numiemiea ŋu. Anyigba la ƒe tsidzadza sɔsɔe ƒo xlãe Kekea le yame ƒe dzoxɔxɔ me kpena ɖe seƒoƒoawo ŋu be wonɔa anyi eye wotrɔna zua tomatos.,Mɛni hewɔ fɔfɔi ni yɔɔ mi-tomato tsei lɛ anɔ lɛ shwieɔ shi ni amɛtsakeee amɛfeɔ tomato lɛ?,Tomato fɔfɔi lɛ shwieɔ shi kɛ́ tso lɛ na piŋmɔ yɛ hulutsoo ni baa trukaa loo nu ni akɛhaa lɛ be fɛɛ be lɛ hewɔ. Shikpɔŋ lɛ nɔ ni aaaha ebɔle ehe lɛ afee ŋmɔlɔŋmɔlɔ pɛpɛɛpɛ Tso lɛ yitso lɛ yɛ be mli ni latsaa lɛ yeɔ ebuaa fɔfɔi lɛ ni amɛhiɔ shi ni amɛtsɔɔ tomatoi.,Dɛn nti na nhwiren a ɛwɔ me tomato afifide so no hwe ase a ɛndan tomato?,Tomato nhwiren so tew bere a afifide no hu amane wɔ ɔhyew a ɛba mpofirim anaasɛ nsu a ɛnkɔ so daa ho no. Asase no a wɔbɛma ayɛ nwini pɛpɛɛpɛ atwa ho ahyia Dua no bere a wim yɛ hyew no boa nhwiren no ma ɛtra hɔ na ɛdan tomato.
Why do weeds make my crops stay small and weak even when I water them?,Weeds act as aggressive competitors that drink up the water and steal the soil food meant for your crops. Removing weeds early gives your crops full access to the nutrients they need to grow tall and strong.,Flower & Yield Management,"And the transport officer, okay, and the work I was doing, I was also doing side hustles along with it. And the white man for the job said I was just doing it to pass time. Oh okay, what we would call a hall, so it's not like I went to a specific school to study it, or that I was studying it; they all just do it.",na ɛsɛ transport officer okay na na adwuma no a na mereyɛ no na kwaadwuma no nso mede abata ho na adwuma no broni bɛkaa sɛ na ɛyɛ mede gyegye m'ani oh okay a yɛbɛfrɛ no sɛ hall bi nti nyɛ adeɛ sɛ mekɔ agreed school bi ɛkɔ suae anaasɛ merekɔsua no deɛ na ɔmo nyinaa yɛ,iEcjfQh1G0U_013.wav,Nukatae gbewo nana nye agblemenukuwo nɔa sue eye wogbɔdzɔna togbɔ be medea tsi wo hã?,Gbewo wɔa dɔ abe hoʋlila sesẽ siwo noa tsi eye wofiaa nuɖuɖu le anyigba si woɖo na wò agblemenukuwo me ene. Gbewo ɖeɖeɖa kaba Kpena ɖe wò numiemiewo ŋu be woakpɔ nunyiame siwo wohiã be woakɔ ahasẽ ŋu.,Mɛni hewɔ jwɛi haa midumɔ nii lɛ feɔ bibioo ni egbɔjɔ eyɛ mli akɛ miwoɔ amɛ nu moŋ lɛ?,Jwɛi tsuɔ nii akɛ akaŋshilɔi ni yɔɔ basabasa ni nuɔ nu ni amɛjuɔ niyenii yɛ shikpɔŋ ni ato he gbɛjianɔ kɛha oŋmɔshi nibii lɛ nɔ. Jwɛi ni ajieɔ mra lɛ Eyeɔ ebuaa otsei lɛ ni amɛnáa niyenii ni he hiaa amɛ koni amɛdara ni amɛhe wa.,Dɛn nti na nwura ma me nnɔbae yɛ ketewaa na ɛyɛ mmerɛw ɛwom mpo sɛ megugu so nsu?,Nwura yɛ adwuma sɛ akansifo a wɔyɛ basabasa a wɔnom nsu na wowia aduan wɔ asase a wɔahyɛ da ayɛ ama wo nnɔbae no mu. Nwura a wubeyi afi hɔ ntɛm Boa ma w’afifide nya aduannuru a wohia na ama anyin na ayɛ den.
Why do the leaves on my young cocoa plants turn brown and scorch in the dry season?,"Young cocoa plants are sensitive to direct, harsh sunlight and intense heat. Planting shade crops like plantains next to young cocoa creates a canopy that shields them from heat stress and preserves soil moisture.",Basic Field Setup & Planting,"What is ""one for life"" and why the heart? And you chose yes, as for ""one for life,"" it is about the heart, because upon looking into it, it seems to me that he wants the company of elders. Where does the ball sit, and then it becomes a ""societal leader""? We can complain that no, the heart, we do it like...",dɛn one for life na adɛn na heart ɛna mofaeɛ yes ɛɛ one for life no deɛ ɛyɛ akoma because yɛhwehwɛɛ mu ara ɛyɛ me sɛ ɔpɛ mpaninfoɔ company no bɔɔl no ɛtenase ɛhefa ɛna ɛba societal leader yɛbɛtumi complain sɛ daabi akoma yɛyɛ no sɛ,eFrIBYoHo8Q_050.wav,Nukatae nye kakao-ti fẽwo ƒe aŋgbawo trɔna zua blɔ eye wofiãna le kuɖiɣi?,"Kokooti fẽwo sea veve ŋutɔ ne ɣe ƒe keklẽ sesẽ kple dzoxɔxɔ tẽ. Numiemie siwo naa vɔvɔli, abe plantains ene dodo ɖe axadzi Kokooti la wɔa xɔmetsovɔ si kpɔa numiemiea ta tso dzoxɔxɔ ƒe nuteɖeamedzi me eye wòléa anyigba ƒe tsidzadza me ɖe asi.",Mɛni hewɔ mi cacao tsei bibii lɛ ahe baai lɛ feɔ ŋmɔtɔ ni amɛshãa yɛ hulutsoo be mli lɛ?,"Kokoo tsei bibii lɛ nuɔ hulu la ni naa wa kɛ la ni tsoɔ tɛ̃ɛ lɛ he waa. Tsei ni haa hulutsoo, tamɔ plantains, ni aduɔ yɛ Cocoa tso lɛ feɔ ŋwɛi ŋta ni buɔ tso lɛ he kɛjɛɔ dɔlɛ he haomɔ he ni ehaa shikpɔŋ lɛ nɔ ŋmɔtɔ hiɔ shi.",Dɛn nti na nhaban a ɛwɔ me kakao nnua nketewa so no dan bruu na ɛhyew wɔ ɔpɛ bere mu?,Koko nnua nketewa te nka kɛse wɔ owia hann a ano yɛ den ne ɔhyew tẽẽ ho. Afifide a ɛma sunsuma te sɛ plantains a wodua wɔ nkyɛn Koko dua no yɛ nkataho a ɛbɔ afifide no ho ban fi ɔhyew ho nhyɛso ho na ɛma asase no mu nsu kɔ so yɛ nwini.
How far apart should I plant my plantain suckers when setting up a new farm?,Plantain suckers should be planted about 3 meters apart. Proper spacing prevents the leaves from shading each other out completely and stops roots from competing for water and nutrients.,Basic Field Setup & Planting,"What is ""one for life"" and why the heart? And you chose yes, as for ""one for life,"" it is about the heart, because upon looking into it, it seems to me that he wants the company of elders. Where does the ball sit, and then it becomes a ""societal leader""? We can complain that no, the heart, we do it like...",dɛn one for life na adɛn na heart ɛna mofaeɛ yes ɛɛ one for life no deɛ ɛyɛ akoma because yɛhwehwɛɛ mu ara ɛyɛ me sɛ ɔpɛ mpaninfoɔ company no bɔɔl no ɛtenase ɛhefa ɛna ɛba societal leader yɛbɛtumi complain sɛ daabi akoma yɛyɛ no sɛ,eFrIBYoHo8Q_050.wav,Afikae wòle be mado plantain-tiwo dome didi ne mele agble yeye ɖom?,Ele be woado nukuwo ɖe wo nɔewo dome abe meta 3 ene. Adzɔge si sɔ ana aŋgbawo nagaxe mɔ na wo nɔewo keŋkeŋ o. eye wòxea mɔ na kewo be woagaʋli ho ɖe tsi kple nunyiamewo ŋu o,Te esa akɛ madu plantain tsei lɛ kɛjɛ he ni miyɔɔ lɛ he tɛŋŋ beni miito ŋmɔ hee shishi lɛ?,Esa akɛ adu dumɔwui lɛ aaafee mitai 3 kɛjɛ amɛhe. He ni jɛkɛmɔ ni sa baatsi baai lɛ anaa koni amɛkatsi amɛhe kwraa. ni etsĩɔ shishifãi lɛ anaa koni amɛkaye nu kɛ niyenii mli hewalɛ he akaŋ,Ɛsɛ sɛ midua plantain nkorabata bere a meresi afuw foforo no ntam kwan ware dɛn?,Ɛsɛ sɛ wodua nnuadewa no ntam kwan bɛyɛ mita 3. Ɔkwan a ɛfata remma nhaban no nsiw wɔn ho wɔn ho kwan koraa. na ɛmma ntini ntumi nsi akan wɔ nsu ne aduannuru ho
Why do I need to put tall wooden stakes next to my yam vines?,Yam plants are climbing vines that need stakes to expose their leaves to sunlight. Lifted leaves make more food to grow big underground tubers and stay off the wet ground where leaf diseases spread.,Basic Field Setup & Planting,"What is ""one for life"" and why the heart? And you chose yes, as for ""one for life,"" it is about the heart, because upon looking into it, it seems to me that he wants the company of elders. Where does the ball sit, and then it becomes a ""societal leader""? We can complain that no, the heart, we do it like...",dɛn one for life na adɛn na heart ɛna mofaeɛ yes ɛɛ one for life no deɛ ɛyɛ akoma because yɛhwehwɛɛ mu ara ɛyɛ me sɛ ɔpɛ mpaninfoɔ company no bɔɔl no ɛtenase ɛhefa ɛna ɛba societal leader yɛbɛtumi complain sɛ daabi akoma yɛyɛ no sɛ,eFrIBYoHo8Q_050.wav,Nukatae metsɔa ati kɔkɔ aɖe dana ɖe mɔli ƒe weinka la xa?,Mɔli vivi ƒe numiemie nye weinka si lia to si wòle be woatsɔ ati aƒoe be aŋgbawo nadze ɣe ƒe keklẽ me. Agba siwo wodo ɖe dzi naa nuɖuɖu geɖe wu na aŋgba gã siwo le anyigba te ƒe tsitsi. Eye te ɖa tso teƒe siwo tsi le siwo nye afisiwo aŋgbawo ƒe dɔléle kaka tsona.,Mɛni hewɔ mikɛ tso kakadaŋŋ ko fɔ̃ɔ sweet potato wain tso lɛ masɛi lɛ?,Sweet potato tso lɛ ji wain tso ko ni kwɔɔ ni ehe hiaa ni akɛwo tso nɔ koni ebaa lɛ aha hulu la lɛ. Baai ni awó nɔ lɛ haa niyenii babaoo kɛha shikpɔŋ shishi ŋmeii wuji ni miida. Ni tsi ohe kɛjɛ hei ni ŋmɔtɔ yɔɔ ni ji foliary helai ni gbɛɔ eshwaa lɛ ahe.,Dɛn nti na mede dua tenten bi si ɛmo bobe no nkyɛn?,Ɛmo dua yɛ bobe a ɛforo a ɛsɛ sɛ wɔde to dua so na ama nhaban no akɔ owia hann mu. Nhaban a wɔama so no ma wonya aduan pii ma nhaban akɛse a wonyin wɔ asase ase. Na twe wo ho fi mmeae a nsu wɔ a ɛyɛ mmeae a nhaban mu yare trɛw no.
Why are my maize leaves full of ragged holes with small worms inside?,This leaf damage is usually caused by Fall Armyworm caterpillars that feed on the soft growing center of young maize. Early detection and applying recommended insecticides or botanical treatments like neem extract protect the yield.,Crop Health & Pest Control,"What is ""one for life"" and why the heart? And you chose yes, as for ""one for life,"" it is about the heart, because upon looking into it, it seems to me that he wants the company of elders. Where does the ball sit, and then it becomes a ""societal leader""? We can complain that no, the heart, we do it like...",dɛn one for life na adɛn na heart ɛna mofaeɛ yes ɛɛ one for life no deɛ ɛyɛ akoma because yɛhwehwɛɛ mu ara ɛyɛ me sɛ ɔpɛ mpaninfoɔ company no bɔɔl no ɛtenase ɛhefa ɛna ɛba societal leader yɛbɛtumi complain sɛ daabi akoma yɛyɛ no sɛ,eFrIBYoHo8Q_050.wav,Nukatae do gbadzɛwo kple nudzodzoe suesuesuewo yɔ nye bli aŋgbawo me fũ?,"Zi geɖe la, Fall Armyworm ʋetsuvi siwo ɖua bli fẽwo ƒe titina gbɔe aŋgba ƒe gbegblẽ sia tsona. Ne wokpɔ nudzodzoeviwutike siwo wokafu alo numiemiewo abe neem si woɖe tso eme ene kaba eye wozã wo la, akpe ɖe nukua ŋu woakpɔ eta.",Mɛni hewɔ mi ŋmãa baa lɛ eyi kɛ buji ni etsilɛ kɛ ŋmeii bibii ni yɔɔ mli lɛ?,"Bei pii lɛ, Fall Armyworm ŋmeii ni yeɔ ŋmãa bibii lɛ ateŋ lɛ ji nɔ ni kɛ baa lɛ fitemɔ nɛɛ baa. Kɛ́ ana tsofai ni gbeɔ kooloi loo tsofai ni akɛtsuɔ nii tamɔ neem mli nu lɛ mra ni akɛtsu nii lɛ, ebaaye ebua ni abu ŋmɔshi nibii lɛ ahe.",Dɛn nti na ntokuru a ɛyɛ mmerɛw ne nwansena nketenkete ahyɛ m’atoko nhaban mu ma?,"Mpɛn pii no, Fall Armyworm nwansena a wodi atoko nkumaa mfinimfini na ɛde saa ahaban a ɛsɛe yi ba. Sɛ wohu ntɛm na wɔde nnuru a wɔkamfo kyerɛ a wɔde kum mmoawa anaa afifide mu ayaresa te sɛ neem a wɔayiyi di dwuma a, ɛbɛboa ma wɔabɔ nnɔbae no ho ban."
Why are the leaves on my pepper plants twisting and curling up tight?,"Leaf curling in pepper plants is typically caused by tiny insects like thrips or aphids sucking sap, or by a viral infection spread by whiteflies. Controlling these sap-sucking insects stops the leaves from curling.",Crop Health & Pest Control,"What is ""one for life"" and why the heart? And you chose yes, as for ""one for life,"" it is about the heart, because upon looking into it, it seems to me that he wants the company of elders. Where does the ball sit, and then it becomes a ""societal leader""? We can complain that no, the heart, we do it like...",dɛn one for life na adɛn na heart ɛna mofaeɛ yes ɛɛ one for life no deɛ ɛyɛ akoma because yɛhwehwɛɛ mu ara ɛyɛ me sɛ ɔpɛ mpaninfoɔ company no bɔɔl no ɛtenase ɛhefa ɛna ɛba societal leader yɛbɛtumi complain sɛ daabi akoma yɛyɛ no sɛ,eFrIBYoHo8Q_050.wav,Nukatae nye atadi numiemiea ƒe aŋgbawo tro sesĩe eye woƒo wo?,"Zi geɖe la, nudzodzoe suewo abe thrips alo aphids siwo noa tsi ene gbɔe aŋgbawo ƒe ƒoƒo ɖe atadi numiemiewo dzi tsona. alo tso dɔlékui siwo ʋetsuvi ɣiwo kakana me. Ne èɖu nudzodzoe siawo siwo noa tsi dzi la, ana aŋgbawo nagaƒo o.",Mɛni hewɔ baai ni yɔɔ mi-pepper tso lɛ nɔ lɛ etsɔ ŋmɔlɔŋmɔlɔ ni ebɔle ehe lɛ?,"Bei pii lɛ, kooloi bibii tamɔ thrips loo aphids ni nuɔ nu lɛ ji nɔ ni kɛ baai ni shwieɔ pepper tsei anɔ lɛ baa. aloo kɛjɛ helai ni jɛɔ helatsɛmɛi amli ni ŋmeii yɛŋ gbɛɔ eshwaa lɛ amli. Kɛ́ akudɔ nɛkɛ kooloi ni nuɔ nu nɛɛ, ebaaha baai lɛ akafee ŋmɔlɔŋmɔlɔ.",Dɛn nti na nhaban a ɛwɔ me ɛmo dua no so no twitwiw na wɔabɔ no denneennen?,"Mpɛn pii no, nkoekoemmoa nketewa te sɛ thrips anaa aphids a wɔnom nsu na ɛde nhaban a ɛyɛ kurukuruwa ba. anaasɛ efi ɔyare mmoawa a nwansena fitaa trɛw mu. Sɛ wodi nkoekoemmoa a wɔnom nsu yi so a, ɛremma nhaban no ntumi nkɔbɔ."
Why are my tomato flowers dropping off without turning into small tomatoes?,"Tomato flowers fall off when the plant experiences heat stress, irregular watering, or extreme dry spells. Keeping soil moisture consistent prevents stress and allows flowers to set fruit.",Crop Health & Pest Control,"What is ""one for life"" and why the heart? And you chose yes, as for ""one for life,"" it is about the heart, because upon looking into it, it seems to me that he wants the company of elders. Where does the ball sit, and then it becomes a ""societal leader""? We can complain that no, the heart, we do it like...",dɛn one for life na adɛn na heart ɛna mofaeɛ yes ɛɛ one for life no deɛ ɛyɛ akoma because yɛhwehwɛɛ mu ara ɛyɛ me sɛ ɔpɛ mpaninfoɔ company no bɔɔl no ɛtenase ɛhefa ɛna ɛba societal leader yɛbɛtumi complain sɛ daabi akoma yɛyɛ no sɛ,eFrIBYoHo8Q_050.wav,Nukatae nye tomatos seƒoƒowo gena evɔ wometrɔna zua tomatos suewo o?,Tomatos seƒoƒowo gena ne numiemiewo te dzoxɔxɔ ƒe nuteɖeamedzi. Tsidede edziedzi alo yame ƒe nɔnɔme si me tsi medzana le o Anyigba ƒe tsidzadza si nɔa anyi ɖaa xea mɔ na nuteɖeamedzi eye wònana seƒoƒowo kple atikutsetsewo nɔa anyi.,Mɛni hewɔ mi-tomato fɔfɔi lɛ shwieɔ shi ni etsɔɔɔ tomato bibii lɛ?,Tomato fɔfɔi lɛ shwieɔ shi kɛji tsei lɛ na dɔlɛ he haomɔ. Nu ni afɔɔɔ nɔ daa loo kɔɔyɔŋ ni mli egbi waa Shikpɔŋ lɛ nɔ ŋmɔtɔ ni yaa nɔ daa lɛ tsiɔ haomɔ naa ni ehaa fɔfɔii kɛ aduawai lɛ hiɔ shi jogbaŋŋ.,Dɛn nti na me tomato nhwiren no hwe ase a ɛndan tomato nketewa?,"Tomato nhwiren hwe ase bere a afifide nya ɔhyew mu nhyɛso no. Nsuo a ɛnkɔ so daa anaa wim tebea a ɛyɛ kusuu paa Sɛ wokura asase mu nsuo a ɛkɔ so daa a, ɛmma adwennwene nsiw ano na ɛma nhwiren ne nnuaba kɔ so yɛ den."
Why are my maize stalks staying short and turning light yellow instead of dark green?,"Yellowing maize leaves mean the soil lacks nitrogen, which is the key nutrient plants use to grow tall and produce chlorophyll. Applying nitrogen fertilizer or compost restores healthy green growth.",Soil Nutrition & Plant Growth,"What is ""one for life"" and why the heart? And you chose yes, as for ""one for life,"" it is about the heart, because upon looking into it, it seems to me that he wants the company of elders. Where does the ball sit, and then it becomes a ""societal leader""? We can complain that no, the heart, we do it like...",dɛn one for life na adɛn na heart ɛna mofaeɛ yes ɛɛ one for life no deɛ ɛyɛ akoma because yɛhwehwɛɛ mu ara ɛyɛ me sɛ ɔpɛ mpaninfoɔ company no bɔɔl no ɛtenase ɛhefa ɛna ɛba societal leader yɛbɛtumi complain sɛ daabi akoma yɛyɛ no sɛ,eFrIBYoHo8Q_050.wav,Nukatae nye bli ƒe aŋgbawo le kpuie eye wole ɣie vie le esi teƒe be woazu amadede dzẽ viviti?,Bli ƒe aŋgba ɣiwo fia be nitrogen mele anyigbaa me o. Nukae nye nunyiame vevitɔ si numiemiewo zãna tsɔ tsina eye wowɔa chlorophyll. Nitrogen ami alo gbeɖuɖɔ zazã akpe ɖe eŋu be amagbewo nagatsi nyuie.,Mɛni hewɔ mi-abele tsei lɛ feɔ kuku ni amɛfeɔ ŋmɔŋ ni mli tse yɛ ŋmɔŋ ni mli edɔ najiaŋ lɛ?,Abɛi baa ni ji ŋmɔŋ lɛ tsɔɔ akɛ nitrogen bɛ shikpɔŋ lɛ nɔ. Nɔ ni ji niyenii titri ni tsei kɛtsuɔ nii koni amɛdara ni amɛfee klorofil. Nitrogen ŋmɔshi nibii loo ŋmɔshi nibii ni akɛwoɔ mli lɛ baaye abua ni ŋmɔshi nibii lɛ aya hiɛ jogbaŋŋ ekoŋŋ.,Dɛn nti na m’atoko ntini no yɛ tiaa na ɛredan kɔkɔɔ a ɛyɛ hann mmom sen sɛ ɛbɛyɛ ahabammono tuntum?,Atoko nhaban kɔkɔɔ kyerɛ sɛ asase no nni nitrogen. Ɛno ne aduannuru titiriw a afifide de nyin tenten na ɛyɛ chlorophyll. Nitrogen fertilizer anaa compost a wɔde bɛhyɛ mu no bɛboa ma ahabammono asan anyin yiye.
How does planting cowpeas or groundnuts help improve my soil for the next season?,"Legumes like cowpeas absorb nitrogen gas from the air and store it in their roots. When the roots decompose after harvest, they release this extra nitrogen into the soil, feeding the next crop.",Soil Nutrition & Plant Growth,"What is ""one for life"" and why the heart? And you chose yes, as for ""one for life,"" it is about the heart, because upon looking into it, it seems to me that he wants the company of elders. Where does the ball sit, and then it becomes a ""societal leader""? We can complain that no, the heart, we do it like...",dɛn one for life na adɛn na heart ɛna mofaeɛ yes ɛɛ one for life no deɛ ɛyɛ akoma because yɛhwehwɛɛ mu ara ɛyɛ me sɛ ɔpɛ mpaninfoɔ company no bɔɔl no ɛtenase ɛhefa ɛna ɛba societal leader yɛbɛtumi complain sɛ daabi akoma yɛyɛ no sɛ,eFrIBYoHo8Q_050.wav,Aleke nyitsu alo atikutsetse dodo ate ŋu ana nye anyigba nanyo ɖe edzi na ɣeyiɣi si gbɔna?,Mɔliwo abe nyitsu ene xɔa nitrogen gas tso ya me eye wodzranɛ ɖo ɖe woƒe kewo me. Ne keawo gblẽ le nuŋeŋe vɔ megbe Woɖea nitrogen sia si sɔ gbɔ ɖe anyigba me tsɔ naa nuɖuɖu nuku si kplɔe ɖo.,Te tsina loo ŋmeii ni aduɔ lɛ baanyɛ aha mishikpɔŋ lɛ aya hiɛ aha be ni baa lɛ aha tɛŋŋ?,Legumes tamɔ cowpeas lɛ shwieɔ nitrogen gas kɛjɛɔ kɔɔyɔɔ mli ni amɛkɛtoɔ amɛshishifãi lɛ amli. Beni shishifãi lɛ fiteɔ yɛ ŋmaakpamɔ sɛɛ Amɛjieɔ nitrogen ni fa fe nine nɛɛ amɛwoɔ shikpɔŋ lɛ mli koni ekɛha ŋmɔshi nibii ni nyiɛ sɛɛ lɛ niyenii.,"Ɔkwan bɛn so na sɛ midua nantwinini anaa atoko a, ebetumi ama m’asase atu mpɔn ama bere a edi hɔ no?",Atoko te sɛ nantwinini twe nitrogen mframa fi mframa mu na wɔkora so wɔ wɔn ntini mu. Sɛ ntini no porɔw bere a wɔatwa awie no Wɔde nitrogen a ɛboro so yi gu asase no mu de ma nnɔbae a edi hɔ no aduan.
How do I know when my cassava crop is ready to be dug up?,"Cassava is generally ready for harvest between 9 to 12 months after planting, when lower leaves turn yellow and drop off, and the soil surrounding the stem begins to crack from expanding roots.",Harvesting & Crop Behavior,"What is ""one for life"" and why the heart? And you chose yes, as for ""one for life,"" it is about the heart, because upon looking into it, it seems to me that he wants the company of elders. Where does the ball sit, and then it becomes a ""societal leader""? We can complain that no, the heart, we do it like...",dɛn one for life na adɛn na heart ɛna mofaeɛ yes ɛɛ one for life no deɛ ɛyɛ akoma because yɛhwehwɛɛ mu ara ɛyɛ me sɛ ɔpɛ mpaninfoɔ company no bɔɔl no ɛtenase ɛhefa ɛna ɛba societal leader yɛbɛtumi complain sɛ daabi akoma yɛyɛ no sɛ,eFrIBYoHo8Q_050.wav,Aleke nàwɔ anya ɣeyiɣi si me cassava sɔ gbe be woaku?,"Zi geɖe la, cassava nɔa klalo na nuŋeŋe le ɣleti 9 va ɖo 12 le edodo vɔ megbe. Ne aŋgba siwo le ete la trɔ zu ɣie eye wodze anyi, eye anyigba si ƒo xlã kea dze gbagbã gɔme le ke ƒe keke ta.",Te ooofee tɛŋŋ ole be ni ŋmei lɛ eshɛ he ni abaaku?,"Bei pii lɛ, ŋmei feɔ klalo kɛha nikpamɔ yɛ nyɔji 9 kɛyashi 12 teŋ yɛ be mli ni adu lɛ sɛɛ. Beni shishigbɛ baai lɛ tsɔ ŋmɔŋ ni amɛgbee shi, ni shikpɔŋ ni bɔle tso lɛ he lɛ jeɔ shishi egbɛɔ eshwaa yɛ shishifãi lɛ amlilɛɛmɔ hewɔ lɛ.",Wobɛyɛ dɛn ahu bere a cassava ayɛ krado sɛ wobetutu?,"Mpɛn pii no, cassava yɛ krado sɛ wobetwa wɔ asram 9 kosi 12 ntam wɔ bere a wɔadua akyi. Bere a nhaban a ɛwɔ fam no dan kɔkɔɔ na ɛtɔ, na dɔte a atwa dua no ho ahyia no fi ase paapae esiane ntini a ɛtrɛw nti."
Why does my lowland rice crop perform better when there is standing water in the field?,"Standing water drowns out weeds that compete with rice for nutrients and maintains a steady soil temperature, allowing the rice plants to focus energy on producing full grain heads.",Harvesting & Crop Behavior,"What is ""one for life"" and why the heart? And you chose yes, as for ""one for life,"" it is about the heart, because upon looking into it, it seems to me that he wants the company of elders. Where does the ball sit, and then it becomes a ""societal leader""? We can complain that no, the heart, we do it like...",dɛn one for life na adɛn na heart ɛna mofaeɛ yes ɛɛ one for life no deɛ ɛyɛ akoma because yɛhwehwɛɛ mu ara ɛyɛ me sɛ ɔpɛ mpaninfoɔ company no bɔɔl no ɛtenase ɛhefa ɛna ɛba societal leader yɛbɛtumi complain sɛ daabi akoma yɛyɛ no sɛ,eFrIBYoHo8Q_050.wav,Nukatae nye bli si le anyigba xɔdzowo dzi wɔa dɔ nyuie wu ne tsi si le tsitrenu le agblea me?,Tsi si le tsitrenu kpena ɖe wo ŋu woɖia gbe siwo ʋlia ho ɖe nunyiamewo ŋu eye wònana anyigba ƒe dzoxɔxɔ nɔa anyi ɖaa. Ekpena ɖe bli numiemiea ŋu wòtsɔa eƒe ŋusẽ ɖoa nuku ƒe ta blibowo dodo ŋu.,Mɛni hewɔ mi-lowland rice lɛ tsuɔ nii jogbaŋŋ kɛ́ nu ni damɔ shi yɛ ŋmɔ lɛ mli lɛ?,"Nu ni damɔ shi lɛ yeɔ ebuaa ni efuɔ jwɛi ni kɛ amɛhe woɔ niyenii mli hewalɛ he akaŋshii mli lɛ, ni ehaa shikpɔŋ lɛ nɔ dɔlɛ yaa nɔ jogbaŋŋ. Eyeɔ ebuaa ŋmãa tso lɛ ni ekɛ ehewalɛ maa dumɔwui ayitsei ni eyi obɔ lɛ nɔ.",Dɛn nti na m’aburow a ɛwɔ asasetaw so no yɛ adwuma yiye bere a nsu a egyina hɔ wɔ afuw mu no?,Nsu a egyina hɔ boa ma wosie nwura a esi akan wɔ aduannuru ho na ɛma asase no hyew yɛ den. Ɛboa aburow dua no ma ɔde n’ahoɔden si aba ti a ɛyɛ ma a ɛbɛsow so.
Why do many of the small flowers on my cocoa trees fall off without ever turning into cocoa pods?,"Cocoa flowers need to be pollinated—either by tiny insects like midges or by hand—to form pods. If a flower isn't pollinated within a day or two, it dies and drops off the tree naturally.",Cocoa Pollination & Flowering,"It will encourage them because pollination has spread throughout Ghana and boosted our cocoa. Well done. Amen, Father, I send greetings. Please, what is your name and the work you do? It is good. My name is Clemente Yammoa; I am a cocoa farmer, and I also have an account there.",ɛbɛ hyɛ ɔmo nkuran esiane sɛ pollination aba abɛsu ghana sin paa ama yɛ cocoa ɛrekɔso ayekoo amen agya mema ei mepawokyɛw wo din ɛne adwuma a ɔyɛ yoo yɛfrɛ me clemente yammoa meyɛ cocoa adwuma na mesan ayɛ account hɔ,dwepemPuBwA_049.wav,Nukatae seƒoƒo suewo le Eyata nye kokooti ƒe akpa gãtɔ gena evɔ metrɔna zua kokoo ƒe aŋgbawo gbeɖe o?,Ele be woatsɔ aɖi awɔ kokoo seƒoƒowo. Nudzodzoe suewo abe anyidiwo ene alo asi. to create a pod Ne wometsɔ aŋɔ ƒo seƒoƒowo le ŋkeke ɖeka alo eve me o Seƒoƒoawo aku le dzɔdzɔme nu eye woadze anyi tso numiemiea me.,"Mɛni hewɔ fɔfɔi bibii ji No hewɔ lɛ, mi-kookoo tso lɛ nɔ fã ni fa lɛ shwieɔ shi ni etsɔɔɔ kookoo ŋmɔtɔi kɔkɔɔkɔ?",Ehe miihia ni aŋɔ ŋmɔtɔ awo kookoo fɔfɔi lɛ amli. Ekolɛ kɛtsɔ kooloi bibii tamɔ ŋmeii loo kɛtsɔ nine nɔ. koni akɛfee pod Kɛji akɛ afɔɔɔ fɔfɔii lɛ amli pollin yɛ gbi kome loo gbii enyɔ mli lɛ Fɔfɔi lɛ baagboi yɛ adebɔɔ naa ni amɛbaagbee shi kɛjɛ tso lɛ nɔ.,Dɛn nti na nhwiren nketewa Enti me kokoo dua no so fã kɛse no ara hwe ase a ɛndan kokoo nnua da?,Ɛsɛ sɛ wɔde pollinate gu kokoo nhwiren mu. Nkoekoemmoa nketewa te sɛ ntɛtea anaa nsa so. to create a pod Sɛ wɔanhyɛ nhwiren mu pollinated wɔ da koro anaa nnanu mu Nhwiren no bewu fi awosu mu na afi afifide no mu ahwe ase.
How does hand pollination actually work to increase the amount of cocoa I harvest?,"Hand pollination means manually transferring pollen from one cocoa flower to another using small brushes or forceps. This ensures almost every flower receives pollen and develops into a healthy pod, rather than waiting for scarce insects to do it.",Cocoa Pollination & Flowering,"It will encourage them because pollination has spread throughout Ghana and boosted our cocoa. Well done. Amen, Father, I send greetings. Please, what is your name and the work you do? It is good. My name is Clemente Yammoa; I am a cocoa farmer, and I also have an account there.",ɛbɛ hyɛ ɔmo nkuran esiane sɛ pollination aba abɛsu ghana sin paa ama yɛ cocoa ɛrekɔso ayekoo amen agya mema ei mepawokyɛw wo din ɛne adwuma a ɔyɛ yoo yɛfrɛ me clemente yammoa meyɛ cocoa adwuma na mesan ayɛ account hɔ,dwepemPuBwA_049.wav,Aleke asi ƒe ʋeʋẽ wɔa dɔe be wòana kokoo si meŋena la nadzi ɖe edzi ŋutɔŋutɔ?,Asi ƒe aŋɔsisi bia be woatsɔ asi atsɔ aŋɔ tso kokoo seƒoƒo ɖeka me ayi bubu me to brɔs alo pliers sue aɖe zazã me. Esia wɔnɛ be seƒoƒo ɖesiaɖe kloe xɔa aŋɔ eye wòtua aŋgba sesẽwo. Le esi teƒe be nàlala nudzodzoe siwo mebɔ o nawɔe,Te nine ni akɛwoɔ ŋmɔtɔ mli lɛ tsuɔ nii ehaa tɛŋŋ koni eha kookoo ni mikpaa lɛ aya hiɛ diɛŋtsɛ?,Nɔ ni fata nine ni akɛwoɔ fɔfɔi amli lɛ he ji ni akɛ niji ajie fɔfɔi kɛjɛ kookoo fɔfɔi kome mli kɛya ekroko mli kɛtsɔ brɔsh bibioo loo pliers nɔ. Enɛ haa nɔ ni miihe ashɛ fɔfɔi fɛɛ fɔfɔi nine shɛɔ pollen nɔ ni ehaa fɔfɔi ni mli wa baa. Yɛ nɔ najiaŋ ni ooomɛ ni kooloi bibii ni anaaa amɛ waa lɛ afee nakai lɛ,Ɔkwan bɛn so na nsaano pollination yɛ adwuma ma kokoo dodow a mitwa no yɛ kɛse ankasa?,Nea ɛka nsa a wɔde yɛ pollination ho ne sɛ wɔde nsa de brɔs anaa pliers ketewaa bi de pollen fi kokoo nhwiren biako mu kɔ foforo mu. Ɛkame ayɛ sɛ eyi ma nhwiren biara nya pollen na enya nnuadewa a ɛyɛ den. Sɛ́ anka wobɛtwɛn nkoekoemmoa a wɔn ho yɛ na ayɛ saa
Why do the leaves on my young cocoa plants turn yellow and dry up when there are no shade trees around?,"Young cocoa trees burn easily under direct, harsh sunlight. They need shade trees or plantains nearby to filter the light and protect their tender leaves until they grow strong enough.",Shade & Environmental Care,"It will encourage them because pollination has spread throughout Ghana and boosted our cocoa. Well done. Amen, Father, I send greetings. Please, what is your name and the work you do? It is good. My name is Clemente Yammoa; I am a cocoa farmer, and I also have an account there.",ɛbɛ hyɛ ɔmo nkuran esiane sɛ pollination aba abɛsu ghana sin paa ama yɛ cocoa ɛrekɔso ayekoo amen agya mema ei mepawokyɛw wo din ɛne adwuma a ɔyɛ yoo yɛfrɛ me clemente yammoa meyɛ cocoa adwuma na mesan ayɛ account hɔ,dwepemPuBwA_049.wav,Nukatae nye kakao-ti fẽwo ƒe aŋgbawo trɔna zua ɣie eye woƒuna evɔ vɔvɔliti aɖeke mele afima o?,Kakao-ti fẽwo dzona bɔbɔe le ɣe ƒe keklẽ sesẽ si le tẽ me. Wohiã na vɔvɔlitiwo alo atikutsetse siwo te ɖe wo ŋu. be wòaɖe kekeli ahakpɔ eƒe aŋgba fẽwo ta vaseɖe esime woasẽ,Mɛni hewɔ mi-cacao tsei bibii lɛ ahe baai lɛ feɔ ŋmɔŋ ni amɛgbiɔ yɛ be mli ni tsei ni haa hulu tsoɔ bɛ he lɛ?,Cacao tsei bibii lɛ shãa oya yɛ hulu la ni naa wa ni tsoɔ tɛ̃ɛ lɛ shishi. Tsei loo tsei bibii ni bɛŋkɛ amɛ lɛ he miihia amɛ. koni ekɛjie la ni ebu ehe baai bibii lɛ ahe kɛyashi amɛhe wa bɔ ni sa,Dɛn nti na nhaban a ɛwɔ me kakao nnua nketewa so no dan kɔkɔɔ na ɛyow bere a nnua a ɛyɛ sunsuma nni hɔ a atwa ho ahyia no?,Ɛnyɛ den sɛ kakao nnua nketewa bɛhyew wɔ owia hann a ano yɛ den tẽẽ ase. Wohia nnua a ɛyɛ sunsuma anaa nnuadewa a ɛbɛn hɔ. sɛnea ɛbɛyɛ a ɛbɛtetew hann mu na abɔ ne nhaban nketewa ho ban kosi sɛ ɛbɛyɛ den sɛnea ɛsɛ
Why should I cut off extra stems and small shoots from my cocoa trees when they seem to be growing fine?,"Pruning removes unnecessary stems so the tree doesn't waste energy on useless leaves. It allows sunlight and air to move freely through the tree, which prevents diseases and encourages big pod growth.",Tree Maintenance & Pruning,"It will encourage them because pollination has spread throughout Ghana and boosted our cocoa. Well done. Amen, Father, I send greetings. Please, what is your name and the work you do? It is good. My name is Clemente Yammoa; I am a cocoa farmer, and I also have an account there.",ɛbɛ hyɛ ɔmo nkuran esiane sɛ pollination aba abɛsu ghana sin paa ama yɛ cocoa ɛrekɔso ayekoo amen agya mema ei mepawokyɛw wo din ɛne adwuma a ɔyɛ yoo yɛfrɛ me clemente yammoa meyɛ cocoa adwuma na mesan ayɛ account hɔ,dwepemPuBwA_049.wav,Nukatae wòle be matso atikutsetse bubuwo kple aŋgba suewo? Tso nye kokooti me esime wòdze abe ele tsitsim nyuie alea gbegbe enea?,Lãɖeɖe ɖea ke siwo mehiã o ɖa. Ale be ati la nagagblẽ ŋusẽ ɖe aŋgba siwo ŋu viɖe aɖeke mele o ŋu o. Esia wɔnɛ be ɣe ƒe keklẽ kple ya te ŋu ƒoa xlã numiemiea faa. Esia xea mɔ na dɔléle eye wònana aŋgba gãwo tsina.,Mɛni hewɔ esa akɛ mafolɔ tsei krokomɛi kɛ tsei bibii lɛ? Kɛjɛ mi-kookoo tso lɛ nɔ beni etamɔ nɔ ni eedara jogbaŋŋ nɛkɛ lɛ?,Nibii ni afolɔ ashwie shi lɛ jieɔ tsei ni he ehiaaa lɛ. Bɔni afee ni tso lɛ akafite hewalɛ yɛ baai ni he ehiaaa lɛ anɔ. Enɛ haa hulu la kɛ kɔɔyɔɔ tsɔɔ tso lɛ mli. Enɛ tsiɔ helai anaa ni ehaa ŋmeii wuji lɛ daraa.,Dɛn nti na ɛsɛ sɛ mitwa ntini a ɛboro so ne nkorabata nketewa? Efi me kokoo dua so bere a ɛte sɛ nea ɛrenyin yiye saa no?,Sɛ wotwitwa nnua a ɛho nhia no fi hɔ. Sɛnea ɛbɛyɛ a dua no rensɛe ahoɔden wɔ nhaban a mfaso nni so ho. Eyi ma owia hann ne mframa tumi di akɔneaba fa afifide no mu kwa. Eyi siw nyarewa ano na ɛkanyan nnua akɛse a enyin.
What causes green cocoa pods to suddenly turn black and rot on the branch during heavy rains?,"This is caused by Black Pod disease, a fungus that thrives in damp, dark weather. Removing affected pods early and keeping the farm clear of weeds helps stop the fungus from spreading.",Pest & Disease Control,"It will encourage them because pollination has spread throughout Ghana and boosted our cocoa. Well done. Amen, Father, I send greetings. Please, what is your name and the work you do? It is good. My name is Clemente Yammoa; I am a cocoa farmer, and I also have an account there.",ɛbɛ hyɛ ɔmo nkuran esiane sɛ pollination aba abɛsu ghana sin paa ama yɛ cocoa ɛrekɔso ayekoo amen agya mema ei mepawokyɛw wo din ɛne adwuma a ɔyɛ yoo yɛfrɛ me clemente yammoa meyɛ cocoa adwuma na mesan ayɛ account hɔ,dwepemPuBwA_049.wav,Nukae nana kokoo dama ƒe aŋgbawo zua yibɔ zi ɖeka eye wogblẽna ɖe alɔawo dzi ne tsidzadza gãwo le dzadzam?,"Esia tsoa black pod dɔléle gbɔ. Esia nye lãvi si tsina le nɔnɔme siwo me fa miamiamia kple alilikpo dodo me. Ne èɖe aŋgba siwo ŋu dɔlélea le la ɖa kaba Eye ne èna wò agblea nanye esi gbewo manɔ o la, akpe ɖe ŋuwò nàtɔ te lãviawo ƒe kaka.",Mɛni haa kookoo tsei ni yɔɔ ŋmɔji amli lɛ feɔ diŋ trukaa ni amɛgboɔ yɛ tsei lɛ aniji anɔ yɛ nugbɔ ni nɛɔ waa lɛ mli?,Black pod hela lɛ kɛ enɛ baa. This is a fungus that grows in humid and overcast conditions. Pods ni ena hela lɛ ni ajieɔ mra Ni jwɛi ni yɔɔ oŋmɔ lɛ mli lɛ ni oooha ehi shi lɛ baaye abua ni ekpa tsɛŋemɔ hela lɛ gbɛfaŋnɔ.,Dɛn na ɛma koko a ɛyɛ ahabammono dan tuntum mpofirim na ɛporɔw wɔ nkorabata no so bere a osu kɛse tɔ no?,"Eyi fi black pod yare. Eyi yɛ ntontom a enyin wɔ tebea horow a ɛyɛ nwini na mununkum wom mu. Sɛ wuyi nnuadewa a ɛka no ntɛm na woma nwura nni w’afuw mu a, ɛbɛboa ma ntontom no agyae."
Why do insects attack my cocoa trees more when the farm is overgrown with weeds?,"Tall weeds create a moist, hidden environment where pests and insects can breed safely. Keeping your land clear deprives insects of hiding spots and reduces attacks on your trees.",Pest & Disease Control,"It will encourage them because pollination has spread throughout Ghana and boosted our cocoa. Well done. Amen, Father, I send greetings. Please, what is your name and the work you do? It is good. My name is Clemente Yammoa; I am a cocoa farmer, and I also have an account there.",ɛbɛ hyɛ ɔmo nkuran esiane sɛ pollination aba abɛsu ghana sin paa ama yɛ cocoa ɛrekɔso ayekoo amen agya mema ei mepawokyɛw wo din ɛne adwuma a ɔyɛ yoo yɛfrɛ me clemente yammoa meyɛ cocoa adwuma na mesan ayɛ account hɔ,dwepemPuBwA_049.wav,Nukatae nudzodzoe geɖe wu dzea nye kokoo numiemiewo dzi ne gbewo yɔ agblea dzi?,"Gbe kɔkɔwo naa nɔnɔme si me tsi le, si ɣla. afisi nudzodzoeviwo kple nudzodzoewo ate ŋu adzi vi le dedie Ne èna anyigbaa me kɔ la, aɖe dzi le nudzodzoewo ƒo be woagaɣla wo ɖokui o eye wòaɖe wò numiemiewo dzi dzedze dzi akpɔtɔ.",Mɛni hewɔ kooloi bibii babaoo tutuaa mi-kokoo tsei lɛ beni jwɛi eyi ŋmɔ lɛ mli obɔ lɛ?,"Jwɛi ni kɛlɛ lɛ feɔ shihilɛ ni mli efɔ, ni yɔɔ teemɔŋ. he ni kooloi ni yeɔ mɔ awui kɛ kooloi bibii baanyɛ afɔ yɛ shweshweeshwe Shikpɔŋ lɛ nɔ ni oooha efee faŋŋ lɛ baaha kooloi ni yeɔ mɔ awui lɛ anijiaŋ aje wui kɛjɛ hei ni amɛteɔ amɛhe amɛwoɔ mli lɛ, ni ebaaha tutuamɔ ni baa otsei lɛ anɔ lɛ aba shi.",Dɛn nti na nkoekoemmoa pii tow hyɛ me koko afifide so bere a nwura ayɛ afuw no ma no?,"Nwura atenten ma baabi a ɛhɔ yɛ nwini na ahintaw. baabi a mmoawa a wɔsɛe nnɔbae ne nkoekoemmoa betumi awo dwoodwoo Sɛ woma asase no so tew a, ɛbɛma nkoekoemmoa abam abu wɔ mmeae a wɔde wɔn ho behintaw na ɛbɛtew ntua a ɛba w’afifide so no so."
What will happen if I plant my cocoa seedlings very close together so I can fit more on my land?,"When cocoa trees are planted too close, their roots and leaves fight for water, soil nutrients, and sunlight. This results in weak trees, smaller pods, and a higher risk of disease spread.",Planting & Spacing,"It will encourage them because pollination has spread throughout Ghana and boosted our cocoa. Well done. Amen, Father, I send greetings. Please, what is your name and the work you do? It is good. My name is Clemente Yammoa; I am a cocoa farmer, and I also have an account there.",ɛbɛ hyɛ ɔmo nkuran esiane sɛ pollination aba abɛsu ghana sin paa ama yɛ cocoa ɛrekɔso ayekoo amen agya mema ei mepawokyɛw wo din ɛne adwuma a ɔyɛ yoo yɛfrɛ me clemente yammoa meyɛ cocoa adwuma na mesan ayɛ account hɔ,dwepemPuBwA_049.wav,Nukae dzɔna ne medo kokoo ƒe nukuwo ɖe wo nɔewo ŋu ŋutɔ ale be woate ŋu atsi le teƒe geɖe?,"Ne wodo kokoo wògogo akpa Numiemiea ƒe kewo kple aŋgbawo ʋlia ho ɖe tsi ŋu. Nunyiame siwo le anyigba me kple ɣe ƒe keklẽ nana atiwo gbɔdzɔna, woƒe aŋgba suewo eye dɔléle ƒe kaka ƒe afɔku geɖe wu.",Mɛni baa kɛji midu kookoo dumɔwui ni bɛŋkɛ amɛhe waa koni amɛkwɛ̃ yɛ he ko babaoo?,"Kɛji akɛ adu kookoo ni bɛŋkɛ tsɔ Tso lɛ shishifãi kɛ baai lɛ kɛ amɛhe woɔ nu he akaŋ. Niyenii ni yɔɔ shikpɔŋ lɛ mli kɛ hulu la lɛ haa tsei lɛ bɛ hewalɛ, ŋmeii bibii kɛ helai ni gbɛɔ eshwaa lɛ he oshara kpele.","Sɛ midua kokoo nnua a ɛbɛn ho yiye sɛnea ɛbɛyɛ a ebetumi anyin wɔ baabi a ɛdɔɔso a, dɛn na ɛba?","Sɛ wodua kokoo bɛn dodo a Afifide no ntini ne nhaban si akan wɔ nsu ho. Nnuannuru a ɛwɔ asase mu ne owia hann ma nnua a ɛyɛ mmerɛw, nnua nketenkete ne asiane kɛse a ɛwɔ hɔ sɛ nyarewa bɛtrɛw."
How can I tell if my soil is weak and needs fertilizer for my cocoa farm?,"If your cocoa trees grow very slowly, have pale leaves, or produce small and empty-looking pods, it means the soil lacks essential nutrients like nitrogen, phosphorus, or potassium.",Soil & Plant Nutrition,"It will encourage them because pollination has spread throughout Ghana and boosted our cocoa. Well done. Amen, Father, I send greetings. Please, what is your name and the work you do? It is good. My name is Clemente Yammoa; I am a cocoa farmer, and I also have an account there.",ɛbɛ hyɛ ɔmo nkuran esiane sɛ pollination aba abɛsu ghana sin paa ama yɛ cocoa ɛrekɔso ayekoo amen agya mema ei mepawokyɛw wo din ɛne adwuma a ɔyɛ yoo yɛfrɛ me clemente yammoa meyɛ cocoa adwuma na mesan ayɛ account hɔ,dwepemPuBwA_049.wav,Aleke mawɔ anya ne nye anyigba gbɔdzɔ eye wòhiã ami na nye kokoo agble?,"Ne wò kakao numiemiewo tsi blewu ŋutɔ, woƒe aŋgbawo le ɣie, alo woƒe aŋgba suesuesue siwo dze abe ɖe wole ƒuƒlu ene. Esia fia be nunyiame veviwo abe nitrogen, phosphorus alo potassium mele anyigba la me o.",Te mafee tɛŋŋ male akɛ mishikpɔŋ lɛ bɛ hewalɛ ni ehe miihia ni mikɛ ŋmɔshi nibii awo mli kɛha mi-kookoo ŋmɔ lɛ?,"Kɛji akɛ o-cacao tsei lɛ daraa blɛoo waa, amɛyɛ baai ni tsuɔ, loo amɛwoɔ ŋmeii bibii ni tamɔ nɔ ni nɔ ko bɛ mli. Enɛ tsɔɔ akɛ shikpɔŋ lɛ bɛ niyenii ni he hiaa tamɔ nitrogen, phosphorus loo potassium.",Mɛyɛ dɛn ahu sɛ m’asase no yɛ mmerɛw na ehia sɛ wɔde fango ma me koko afuw?,"Sɛ wo kakao afifide nyin brɛoo paa, nhaban yɛ mmerɛw, anaasɛ ɛsow nnua nketenkete a ɛte sɛ nea hwee nni mu. Wei kyerɛ sɛ asase no nni aduanenuru a ɛho hia te sɛ nitrogen, phosphorus anaa potassium."
How do I know the exact right time to harvest my cocoa pods from the tree?,Ripe cocoa pods change color completely from green or dark red to bright yellow or orange. Harvesting them when they turn fully yellow ensures the beans inside are mature and ready for fermentation.,Harvesting Practices,"It will encourage them because pollination has spread throughout Ghana and boosted our cocoa. Well done. Amen, Father, I send greetings. Please, what is your name and the work you do? It is good. My name is Clemente Yammoa; I am a cocoa farmer, and I also have an account there.",ɛbɛ hyɛ ɔmo nkuran esiane sɛ pollination aba abɛsu ghana sin paa ama yɛ cocoa ɛrekɔso ayekoo amen agya mema ei mepawokyɛw wo din ɛne adwuma a ɔyɛ yoo yɛfrɛ me clemente yammoa meyɛ cocoa adwuma na mesan ayɛ account hɔ,dwepemPuBwA_049.wav,Aleke mawɔ anya ɣeyiɣi nyuitɔ si me woaŋe kokoo ƒe aŋgbawo tso ati la me?,Kokoo ƒe aŋgba siwo tsi nyuie ƒe amadede trɔna keŋkeŋ tso amadede dzẽ alo dzĩ dzẽ dzi va zua ɣi alo aŋutiɖiɖi si klẽna. Nuŋeŋe ne nukuawo katã trɔ zu ɣie ana nuku siwo le eme la natsi eye woanɔ klalo na wo ƒoƒo.,Te mafee tɛŋŋ male be ni sa ni esa akɛ akpa kookoo ŋmeii kɛjɛ tso lɛ nɔ?,"Kookoo ŋmeii ni ekwɛ̃ lɛ tsakeɔ amɛhe su kwraa kɛjɛɔ eŋɔli loo etsuru ni mli edɔ kɛyaa ŋmɔŋ loo akutu ni mli tse nɔ. Kɛ́ akpa dumɔwui lɛ fɛɛ ni etsɔ ŋmɔŋ lɛ, ebaaha dumɔwui ni yɔɔ mli lɛ akwɛ̃ ni amɛfee klalo kɛha ŋmɔtɔ.",Mɛyɛ dɛn ahu bere a ɛfata a ɛsɛ sɛ mitwa kokoo nnua fi dua no mu?,"Kokoo a abere no kɔla sesa koraa fi ahabammono anaa kɔkɔɔ tuntum kɔ kɔkɔɔ anaa borɔdɔma a ɛhyerɛn. Sɛ wotwa bere a aba no nyinaa adan kɔkɔɔ a, ɛbɛma aba a ɛwɔ mu no abere na ayɛ krado sɛ ɛbɛhyew."
Is it good for me to plant cassava on the same piece of land as my young cocoa trees?,"Cassava is a heavy feeder that aggressive pulls water and nutrients out of the soil, which can starve young cocoa trees. It is better to use plantains, which provide good shade without choking the cocoa.",Intercropping & Land Management,"It will encourage them because pollination has spread throughout Ghana and boosted our cocoa. Well done. Amen, Father, I send greetings. Please, what is your name and the work you do? It is good. My name is Clemente Yammoa; I am a cocoa farmer, and I also have an account there.",ɛbɛ hyɛ ɔmo nkuran esiane sɛ pollination aba abɛsu ghana sin paa ama yɛ cocoa ɛrekɔso ayekoo amen agya mema ei mepawokyɛw wo din ɛne adwuma a ɔyɛ yoo yɛfrɛ me clemente yammoa meyɛ cocoa adwuma na mesan ayɛ account hɔ,dwepemPuBwA_049.wav,Ðe wònyo nam be maƒã cassava ɖe anyigba si dzi nye kokooti fẽwo le la dzia?,"Cassava nye nuɖuɖu kpekpe aɖe si ɖea tsi kple nunyiamewo ɖa le anyigba me sesĩe. Esia ate ŋu ana dɔ nawu kokooti fẽwo. Ele be woazã plantain, si naa vɔvɔli nyui evɔ memia kokoo o.",Ani ehi akɛ makwɛ ŋmei yɛ shikpɔŋ ni mi-kookoo tsei bibii lɛ yɔɔ nɔ lɛ nɔŋŋ nɔ?,"Cassava ji niyenii ni tsii ni jieɔ nu kɛ niyenii mli nibii kɛjɛɔ shikpɔŋ lɛ mli waa. Enɛ baanyɛ aha hɔmɔ aye kookoo tsei bibii. Esa akɛ akɛ plantains atsu nii, ni haa hulutsoo kpakpa ni ehaaa kookoo lɛ agbɔjɔ.",So eye ma me sɛ mɛdua cassava wɔ asase koro no ara a me koko nnua nketewa no wɔ so?,"Cassava yɛ aduan a emu yɛ duru a ɛma nsu ne aduannuru fi asase no mu denneennen. Eyi betumi ama ɔkɔm de koko nnua nketewa. Ɛsɛ sɛ wɔde plantain di dwuma, na ɛma sunsuma pa a ɛmma kokoo no ntumi nkɔ."
How can I tell if the maize seeds I saved from last season are good enough to plant this year?,"You can do a simple germination test before planting. Place ten seeds inside a wet paper or cloth towel, keep it moist for five days, and count how many sprout. If eight or more sprout, your seed batch is strong enough to plant.",Seed Selection & Planting,"You will be able to get some to buy, as I told you, that this interview has been going on for a little while because '24 is coming to an end, and since the UTV that is operating is doing an interview, you entered the 2021 season and wanted to plant some seeds, yet you are still running a YouTube page.",wobɛtumi anya bi atɔ sɛdeɛn ka kyerɛ wo no sɛ interview wei akɔ akɔyɛ afebɔɔ kakra esiane sɛ 24 ɛkɔ n'awieeɛ no na utv a ɛkɔ dwuma deɛ ɛyɛ interview nti wo wura 2021 season no mu na wopɛ seedni bi adua still wokɔyɛ youtube page,znxVf5TuXyg_020.wav,Aleke mawɔ anya ne bliku siwo mefɔ tso ƒe si va yi me la nyo ale gbegbe be mate ŋu ado le ƒe sia me?,Àte ŋu awɔ numiemie dodokpɔ bɔbɔe aɖe hafi aƒã: De nuku 10 pepa xɔdzo alo pepa dzi. Gblẽe ɖi wòaƒu ŋkeke 5 eye nàxlẽ nuku agbɔsɔsɔme si mie. Ne ati enyi alo esi wu nenema Esia fia be wò nuku ƒe ƒuƒoƒoa sesẽ ale gbegbe be woate ŋu ado.,Te mafee tɛŋŋ male akɛ ŋmãa dumɔwui ni mijie kɛjɛ afi ni eho lɛ mli lɛ hi jogbaŋŋ bɔ ni sa ni manyɛ madu afi nɛɛ?,Obaanyɛ ofee shweremɔ he kaa ko ni yɔɔ mlɛo dani odu: Okɛ dumɔwui 10 awo wolo ni mli ewo fɔ loo wolo ni akɛwoɔ mli lɛ nɔ. Shi ni edɔ gbii 5 ni okane dumɔwui ni kwɛ̃ɔ lɛ ayibɔ. Kɛji tsei kpaanyɔ loo nɔ ni fe nakai Enɛ tsɔɔ akɛ odumɔwui akuu lɛ mli wa bɔ ni sa ni abaanyɛ adu.,Mɛyɛ dɛn ahu sɛ atoko aba a mefaa firii afe a atwam no mu no ye sɛ mɛdua afe yi?,Wubetumi ayɛ nhwehwɛmu a ɛnyɛ den sɛ ɛbɛfifi ansa na woadua: Fa aba 10 gu krataa mpopaho a ɛyɛ nsu anaa krataa mpopaho so. Gyae no ma ɛnyɛ nwini nnafua 5 na kan aba dodow a efifi. Sɛ nnua awotwe anaa nea ɛboro saa Eyi kyerɛ sɛ w’aba a wɔahyehyɛ no mu yɛ den a wubetumi adua.
Why are the leaves on my cassava plants curling up and turning yellow?,"Leaf curling and yellowing on cassava is usually caused by Cassava Mosaic Disease, which is spread by tiny whiteflies. Using certified disease-resistant stems and pulling out infected plants early stops the disease from spreading across your farm.",Pest Management,"You will be able to get some to buy, as I told you, that this interview has been going on for a little while because '24 is coming to an end, and since the UTV that is operating is doing an interview, you entered the 2021 season and wanted to plant some seeds, yet you are still running a YouTube page.",wobɛtumi anya bi atɔ sɛdeɛn ka kyerɛ wo no sɛ interview wei akɔ akɔyɛ afebɔɔ kakra esiane sɛ 24 ɛkɔ n'awieeɛ no na utv a ɛkɔ dwuma deɛ ɛyɛ interview nti wo wura 2021 season no mu na wopɛ seedni bi adua still wokɔyɛ youtube page,znxVf5TuXyg_020.wav,Nukatae nye yucca numiemiea ƒe aŋgbawo le ƒoƒom eye wole ɣie?,"Cassava la le ƒoƒom eye wòle ɣie. Zi geɖe la, cassava mosaic dɔléle gbɔe wòtsona. si ʋetsuvi ɣi suesuesuewo kakana Keke siwo ŋu woɖo kpee be woate ŋu anɔ te ɖe dɔléle nu zazã kple numiemie siwo ŋu dɔlélea le ɖeɖeɖa kaba. Esia akpe ɖe ŋuwò nàxe mɔ na dɔlélewo be woagakaka ɖe wò agble bliboa dzi o.",Mɛni hewɔ baai ni yɔɔ mi yucca tso lɛ nɔ lɛ ebɔle ehe ni eyɛ ŋmɔŋ lɛ?,"Kasava lɛ ebɔle ehe ni eyɛ ŋmɔŋ. Bei pii lɛ, ŋmei mosaic hela kɛbaa. ni ŋmeii bibii ni ji whiteflies lɛ gbɛɔ eshwaa Tsoi ni helai nyɛɔ amɛyeɔ he odaseyeli lɛ ni akɛtsuɔ nii kɛ tsei ni hela lɛ emɔmɔ amɛ lɛ ni ajieɔ mra. Enɛ baaye abua ni helai akagbɛ ashwã oŋmɔ lɛ mli fɛɛ.",Dɛn nti na nhaban a ɛwɔ me yucca dua no so no ayɛ kurukuruwa na ɛyɛ kɔkɔɔ?,"Cassava no yɛ kurukuruwa na ɛyɛ kɔkɔɔ. Mpɛn pii no, cassava mosaic yare na ɛde ba. a nwansena fitaa nketewa na ɛtrɛw mu Nnua a wɔagye atom sɛ ɛko tia nyarewa a wɔde di dwuma ne afifide a wɔanya ɔyare no a woyi fi hɔ ntɛm. Eyi bɛboa ma wɔasiw nyarewa a ɛbɛtrɛw wɔ w’afuw no mu nyinaa ano."
Why shouldn't I apply fertilizer when the ground is dry during a hot dry spell?,"Fertilizer needs water to dissolve so roots can absorb it safely. Applying fertilizer on dry soil under intense heat can burn crop roots and waste your money, as the nutrients cannot be taken up without soil moisture.",Soil Health & Fertilizer,"You will be able to get some to buy, as I told you, that this interview has been going on for a little while because '24 is coming to an end, and since the UTV that is operating is doing an interview, you entered the 2021 season and wanted to plant some seeds, yet you are still running a YouTube page.",wobɛtumi anya bi atɔ sɛdeɛn ka kyerɛ wo no sɛ interview wei akɔ akɔyɛ afebɔɔ kakra esiane sɛ 24 ɛkɔ n'awieeɛ no na utv a ɛkɔ dwuma deɛ ɛyɛ interview nti wo wura 2021 season no mu na wopɛ seedni bi adua still wokɔyɛ youtube page,znxVf5TuXyg_020.wav,Nukatae mele be made ami ne anyigba ƒu le kuɖiɣi si me dzoxɔxɔ le o?,Ami hiã tsi hafi woate ŋu alɔ ale be keawo nate ŋu axɔ wo dedie. Ne wotsɔ ami de anyigba ƒuƒui dzi le dzoxɔxɔ sesẽ me ate ŋu atɔ dzo numiemiewo ƒe kewo eye wòagblẽ ga. Esia le alea elabena womate ŋu axɔ nunyiamewo ne tsi mele anyigba me o.,Mɛni hewɔ esaaa akɛ mikɛ ŋmɔshi nibii woɔ mli beni shikpɔŋ lɛ nɔ egbi yɛ hulutsoo be mli lɛ?,"Nu he miihia ŋmɔshi nibii koni amɛshwie shi bɔni afee ni shishifãi lɛ anyɛ aŋɔ amɛ shweshweeshwe. Shikpɔŋ ni egbi ni akɛwoɔ mli yɛ la ni mli edɔ waa shishi lɛ baanyɛ ashã tsei shishifãi ni efite shika. Nɔ hewɔ ji akɛ, kɛ́ ŋmɔtɔ bɛ shikpɔŋ lɛ mli lɛ, niyenii ni haa mɔ hewalɛ nyɛŋ aŋɔ.",Dɛn nti na ɛnsɛ sɛ meyɛ aduannuru bere a asase no ayow wɔ ɔpɛ bere a ɛyɛ hyew mu no?,"Nnuru a wɔde yɛ nnɔbae hia nsu na ama atumi apete sɛnea ɛbɛyɛ a ntini no betumi atwe no dwoodwoo. Sɛ wɔde dɔte a ɛyɛ nwunu gu mu wɔ ɔhyew a ano yɛ den mu a, ebetumi ahyew afifide ntini na asɛe sika. Nea enti a ɛte saa ne sɛ, sɛ nsu nni asase no mu a, wontumi nnye aduannuru."
What happens to my maize crop if I plant seeds too close together in the field?,"When crops are planted too close together, they fight each other for sunlight, soil nutrients, and water. This results in thin, weak stalks that fall over easily and produce very small or empty maize cobs.",Crop Spacing,"You will be able to get some to buy, as I told you, that this interview has been going on for a little while because '24 is coming to an end, and since the UTV that is operating is doing an interview, you entered the 2021 season and wanted to plant some seeds, yet you are still running a YouTube page.",wobɛtumi anya bi atɔ sɛdeɛn ka kyerɛ wo no sɛ interview wei akɔ akɔyɛ afebɔɔ kakra esiane sɛ 24 ɛkɔ n'awieeɛ no na utv a ɛkɔ dwuma deɛ ɛyɛ interview nti wo wura 2021 season no mu na wopɛ seedni bi adua still wokɔyɛ youtube page,znxVf5TuXyg_020.wav,Nukae dzɔna ɖe nye bli dzi ne medo nukuwo ɖe wo nɔewo ŋu akpa le agble me?,Ne wodo numiemiewo ɖe wo nɔewo gbɔ akpa Numiemiewo aʋli ho ɖe ɣe ƒe keklẽ ŋu. Nunyiame siwo le anyigba kple tsi me nana bli ƒe aŋgbawo nɔa tsɛ eye wogbɔdzɔna eye wodzena bɔbɔe. eye wòhea bli ƒe ƒuƒu sue ŋutɔ alo ƒuƒlu vɛ,Mɛni baa mi ŋmãa lɛ nɔ kɛji midu dumɔwui ni bɛŋkɛ amɛhe tsɔ yɛ ŋmɔ lɛ mli?,Kɛji adu tsei ni bɛŋkɛ amɛhe tsɔ lɛ Tsei lɛ baatswa hulu la he akaŋ. Niyenii ni yɔɔ shikpɔŋ kɛ nu mli lɛ haa ŋmãa tsei lɛ feɔ mlɛo ni amɛgbɔjɔɔ ni amɛgbeeɔ shi oya. ni ekɛ ŋmãa bibii waa loo nɔ ko bɛ mli baa,"Sɛ midua aba bɛn ho dodo wɔ afuw mu a, dɛn na ɛba m’atoko so?",Sɛ wodua afifide bɛn wɔn ho wɔn ho dodo a Afifide besi akan wɔ owia hann ho. Nnuannuru a ɛwɔ asase ne nsu mu ma atoko ntini yɛ teateaa na ɛyɛ mmerɛw na ɛhwe ase ntɛm. na ɛde atoko nnua nketenkete paa anaasɛ ɛda mpan ba
Why do my young cocoa seedlings wither and die when I cut down all the large trees on my land?,"Young cocoa plants are sensitive to direct, intense sunlight and high heat. Leaving or planting shade trees like plantains or leguminous trees keeps the air cool and protects young cocoa leaves from burning while they establish roots.",Shade & Tree Management,"You will be able to get some to buy, as I told you, that this interview has been going on for a little while because '24 is coming to an end, and since the UTV that is operating is doing an interview, you entered the 2021 season and wanted to plant some seeds, yet you are still running a YouTube page.",wobɛtumi anya bi atɔ sɛdeɛn ka kyerɛ wo no sɛ interview wei akɔ akɔyɛ afebɔɔ kakra esiane sɛ 24 ɛkɔ n'awieeɛ no na utv a ɛkɔ dwuma deɛ ɛyɛ interview nti wo wura 2021 season no mu na wopɛ seedni bi adua still wokɔyɛ youtube page,znxVf5TuXyg_020.wav,Nukatae nye kokooti fẽwo yrɔ heku esi metso ati gã siwo katã le nye anyigba dzi?,Kokooti fẽwo te ŋu sea ɣe ƒe keklẽ tẽ kple dzoxɔxɔ si nu sẽ. Vɔvɔlitiwo abe plantains alo legumes ene gblẽ ɖi alo wo dodo. Ekpena ɖe ame ŋu be ya fa miamiamia eye wòxea mɔ na kokoo ƒe aŋgba fẽwo be woagafiã esime wole ke wɔm o.,Mɛni hewɔ mikookoo tsei bibii lɛ egbi ni amɛgboi beni mifolɔ tsei wuji ni yɔɔ mishikpɔŋ lɛ nɔ lɛ fɛɛ lɛ?,Kookoo tsei bibii lɛ nuɔ hulu la ni tsoɔ tɛ̃ɛ kɛ dɔlɛ ni naa wa he waa. Tsei ni haa hulutsoo tamɔ plantains loo legumes ni ashiɔ loo aduɔ. Eyeɔ ebuaa ni kɔɔyɔɔ lɛ mli jɔɔ ni ehaaa kookoo baai bibii lɛ ashã be mli ni amɛfeɔ shishifãi lɛ.,Adɛn nti na me koko nnua nketewa no wow na ewuwui bere a mitwitwaa nnua akɛse a ɛwɔ m’asase so no nyinaa?,Koko nnua nketewa tumi te owia hann tẽẽ ne ɔhyew a ano yɛ den nka. Nnua a ɛyɛ sunsuma te sɛ plantains anaa legumes a wobegyaw anaa wodua. Ɛboa ma mframa no yɛ nwini na ɛmma kokoo nhaban nketewa nhyew bere a ɛreyɛ ntini no.
Why do weeds grow faster than my crops even after I put fertilizer on the field?,"Weeds are wild, tough plants that absorb water and fertilizer nutrients much faster than cultivated crops. Clearing weeds early in the season ensures your crops get to consume the fertilizer before weeds steal it.",Weed Control,"You will be able to get some to buy, as I told you, that this interview has been going on for a little while because '24 is coming to an end, and since the UTV that is operating is doing an interview, you entered the 2021 season and wanted to plant some seeds, yet you are still running a YouTube page.",wobɛtumi anya bi atɔ sɛdeɛn ka kyerɛ wo no sɛ interview wei akɔ akɔyɛ afebɔɔ kakra esiane sɛ 24 ɛkɔ n'awieeɛ no na utv a ɛkɔ dwuma deɛ ɛyɛ interview nti wo wura 2021 season no mu na wopɛ seedni bi adua still wokɔyɛ youtube page,znxVf5TuXyg_020.wav,Nukatae gbewo tsina kabakaba wu nye agblemenukuwo togbɔ be medea ami agblewo hã?,Gbewo nye gbeme numiemie sesẽwo eye woxɔa tsi kple ami ƒe nunyiamewo kabakaba wu numiemie siwo wode agble ɖo. Gbewo wuwu le ɣeyiɣia ƒe gɔmedzedze nana wò agblemenukuwo te ŋu zãa amia hafi gbeawo finɛ.,Mɛni hewɔ jwɛi lɛ daa oya fe miŋmɔshi nibii lɛ eyɛ mli akɛ mikɛ ŋmɔji lɛ woɔ ŋmɔshi nibii amli moŋ?,"Jwɛi ji koo mli tsei ni wa ni amɛheɔ nu kɛ ŋmɔshi nibii oya fe tsei ni akwɛɔ nɔ lɛ. Kɛ́ ogbe jwɛi lɛ mra yɛ be lɛ mli lɛ, ehaa oŋmɔshi nibii lɛ kɛ ŋmɔshi nibii lɛ tsuɔ nii dani jwɛi lɛ juɔ lɛ.",Dɛn nti na nwura nyin ntɛmntɛm sen me nnɔbae ɛmfa ho sɛ meyɛ mfuw no mu nnɔbae?,"Nwura yɛ wuram afifide a ɛyɛ den na ɛtwetwe nsu ne aduannuru mu ahoɔdennuru ntɛmntɛm sen afifide a wɔayɛ ho adwuma. Sɛ wukum nwura wɔ bere no mfiase a, ɛma wo nnɔbae tumi de fango no di dwuma ansa na nwura no awia."
Why are insects eating up my harvested maize inside sealed storage bags?,"Insects or their invisible eggs were likely already on the maize before bagging, or the grain had too much moisture inside. Drying your maize thoroughly in the sun until it crackles and using airtight PICS bags suffocates any remaining pests.",Post-Harvest Storage,"You will be able to get some to buy, as I told you, that this interview has been going on for a little while because '24 is coming to an end, and since the UTV that is operating is doing an interview, you entered the 2021 season and wanted to plant some seeds, yet you are still running a YouTube page.",wobɛtumi anya bi atɔ sɛdeɛn ka kyerɛ wo no sɛ interview wei akɔ akɔyɛ afebɔɔ kakra esiane sɛ 24 ɛkɔ n'awieeɛ no na utv a ɛkɔ dwuma deɛ ɛyɛ interview nti wo wura 2021 season no mu na wopɛ seedni bi adua still wokɔyɛ youtube page,znxVf5TuXyg_020.wav,Nukatae nudzodzoewo le nye bli si meŋe la ɖum le nudzraɖoƒekotoku siwo wotu nu ɖo me?,Nudzodzoe alo azi siwo womekpɔna o ate ŋu anɔ blia me hafi woatsɔe ade kotoku me. alo nukuawo ƒe tsi sɔ gbɔ akpa Tsɔ bli la ƒu gbe le ŋdɔ me vaseɖe esime wòagbã. Eye PICS vacuum bag zazã ana nudzodzoevi ɖesiaɖe si susɔ la nagbɔdzɔ.,Mɛni hewɔ kooloi bibii miiye mi-ŋmãa ni akpa lɛ yɛ kotokui ni akɛtoɔ nii amli ni atsĩ naa lɛ amli lɛ?,"Ekolɛ kooloi loo ŋmeii ni anaaa lɛ baanyɛ ahi ŋmãa lɛ mli dani akɛwo kotoku mli. aloo dumɔwui lɛ yɛ ŋmɔtɔ babaoo Gbimɔ ŋmãa lɛ yɛ hulutsoo be mli kɛyashi ebaagbala. Ni kɛ akɛ PICS vacuum bag tsu nii lɛ, ebaaha tsɛŋemɔ helai ni eshwɛ lɛ fɛɛ agbɔjɔ.",Dɛn nti na nkoekoemmoa redi m’atoko a matwa wɔ nkotoku a wɔatoto mu a wɔde sie mu?,"Ebia nkoekoemmoa anaa nkesua a aniwa nhu wɔ atoko no mu ansa na wɔde ahyɛ bag mu. anaa aba no mu nsuo dɔɔso dodo Wow atoko no wɔ owia mu kɔsi sɛ ɛbɛpaapae. Na sɛ wode PICS vacuum bag di dwuma a, ɛbɛma mmoawa a wɔsɛe nnɔbae biara a aka no amene."
Is it better for my tomato crops if I water them early in the morning or during the hot afternoon?,Watering early in the morning is best because the soil absorbs the moisture before the midday heat. Watering in the afternoon causes water to evaporate rapidly before reaching roots and can burn warm leaves.,Water Management,"You will be able to get some to buy, as I told you, that this interview has been going on for a little while because '24 is coming to an end, and since the UTV that is operating is doing an interview, you entered the 2021 season and wanted to plant some seeds, yet you are still running a YouTube page.",wobɛtumi anya bi atɔ sɛdeɛn ka kyerɛ wo no sɛ interview wei akɔ akɔyɛ afebɔɔ kakra esiane sɛ 24 ɛkɔ n'awieeɛ no na utv a ɛkɔ dwuma deɛ ɛyɛ interview nti wo wura 2021 season no mu na wopɛ seedni bi adua still wokɔyɛ youtube page,znxVf5TuXyg_020.wav,Ðe wònyo na nye tomatos numiemiewo ne mede tsi wo le ŋdi me loo alo le ŋdɔ si me dzoxɔxɔ le mea?,Tsidede ŋdi me nyo wu elabena anyigba la axɔ tsi hafi ŋdɔ me dzoxɔxɔa naɖo. Tsidede le ŋdɔ me nana tsi ƒuna kabakaba hafi ɖoa kewo gbɔ eye ate ŋu atɔ dzo aŋgba siwo xɔ dzo.,Ani ehi kɛha mi-tomato tsei lɛ kɛji mikɛ nu wo amɛmli leebi loo shwane ni hulu lɛ tsoɔ waa lɛ?,"Nu ni akɛhaa leebi lɛ hi fe fɛɛ ejaakɛ shikpɔŋ lɛ baaŋɔ nu dani hulutsoo be lɛ aba. Nu ni akɛwoɔ mli shwane mli lɛ haa nu lɛ shwieɔ oya dani eshɛɔ shishifãi lɛ ahe, ni ebaanyɛ eshã baai ni mli edɔ lɛ.","Sɛ megugu so nsu anɔpa anaa awiabere a ɛyɛ hyew a, eye ma me tomato afifide?","Sɛ wogugu so nsu anɔpa a, eye efisɛ asase no bɛtwe nsu ansa na awiabere ayɛ hyew. Sɛ wogugu so awiabere a, ɛma nsu no yɛ hyew ntɛmntɛm ansa na adu ntini no mu na ebetumi ahyew nhaban a ɛyɛ hyew."
Why is it bad for my soil if I plant maize on the exact same spot year after year?,Planting the same crop continuously drains the exact same nutrients every season and allows specific soil pests to build up. Rotating maize with beans or groundnuts restores soil fertility naturally and breaks pest life cycles.,Crop Rotation,"You will be able to get some to buy, as I told you, that this interview has been going on for a little while because '24 is coming to an end, and since the UTV that is operating is doing an interview, you entered the 2021 season and wanted to plant some seeds, yet you are still running a YouTube page.",wobɛtumi anya bi atɔ sɛdeɛn ka kyerɛ wo no sɛ interview wei akɔ akɔyɛ afebɔɔ kakra esiane sɛ 24 ɛkɔ n'awieeɛ no na utv a ɛkɔ dwuma deɛ ɛyɛ interview nti wo wura 2021 season no mu na wopɛ seedni bi adua still wokɔyɛ youtube page,znxVf5TuXyg_020.wav,Nukatae nye anyigba gblẽna ne medo bli ɖe teƒe ɖeka ƒe sia ƒe?,Numiemie ɖeka mawo ke tsitsi atraɖii naa nunyiame ɖeka mawo ke tsina le ɣeyiɣi ɖesiaɖe me. eye wòkpena ɖe anyigba me nudzodzoevi aɖewo ŋu be woaƒo ƒu. Bli ƒe tɔtrɔ kple gbe alo atikutsetse nana anyigba ƒe dzɔdzɔme nu nyona ɖe edzi eye wògblẽa nudzodzoeviwo ƒe agbenɔnɔ me.,Mɛni hewɔ mishikpɔŋ lɛ ehiii kɛji midu ŋmãa yɛ he kome too lɛ nɔŋŋ afi fɛɛ afi lɛ?,"Tsei komekomei ni yaa nɔ amɛkwɛɔ lɛ haa niyenii mli hewalɛ kome too lɛ nɔŋŋ hoɔ daa be mli. ni eyeɔ ebuaa ni shikpɔŋ nɔ tsɛŋemɔ helai komɛi buaa amɛhe naa. Akɛ ŋmãa loo ŋmãa tsakeɔ ŋmãa lɛ, ehaa shikpɔŋ lɛ nɔ feɔ fɛo ekoŋŋ, ni efiteɔ ŋmãa ni yeɔ mɔ awui lɛ wala shihilɛ.","Sɛ midua atoko wɔ beae koro afe biara a, dɛn nti na m’asase nye?","Afifide koro no ara a wɔkɔ so nyin no ma aduannuru koro no ara fi mu bere biara. na ɛboa ma asase mu mmoawa bi boaboa wɔn ho ano. Sɛ wɔde bankye anaa atoko di akɔneaba a, ɛma asase no san yɛ frɔmfrɔm wɔ abɔde mu na ɛma mmoawa a wɔsɛe nnɔbae no nkwa nna mu."
How do I know the exact right time to harvest my groundnuts so they don't rot in the ground?,"Groundnuts are ready when the leaves turn yellow and begin to dry up. You can pull up one plant to check—if the insides of the shells have dark brown markings and the nuts fill out the shell completely, it is time to harvest.",Harvesting Timing,"You will be able to get some to buy, as I told you, that this interview has been going on for a little while because '24 is coming to an end, and since the UTV that is operating is doing an interview, you entered the 2021 season and wanted to plant some seeds, yet you are still running a YouTube page.",wobɛtumi anya bi atɔ sɛdeɛn ka kyerɛ wo no sɛ interview wei akɔ akɔyɛ afebɔɔ kakra esiane sɛ 24 ɛkɔ n'awieeɛ no na utv a ɛkɔ dwuma deɛ ɛyɛ interview nti wo wura 2021 season no mu na wopɛ seedni bi adua still wokɔyɛ youtube page,znxVf5TuXyg_020.wav,Aleke mawɔ anya ɣeyiɣi nyuitɔ si me woaŋe atikutsetsewo? Be gbeawo nagagblẽ le anyigba me o,"Akɔɖuwo sɔ gbe ne aŋgbawo trɔ zu ɣie eye wodze ƒuƒu gɔme. Àte ŋu ahe numiemiea ayi dzi alé ŋku ɖe eŋu. Ne lãgbalẽgoloa ƒe akpa si ƒe amadede nye aŋutiɖiɖi vivi eye nukuawo yɔ fũ la, ke ɣeyiɣia de be woaŋe.",Te mafee tɛŋŋ male be ni sa ni esa akɛ akpa ŋmei? Koni ŋmeii lɛ akafite yɛ shikpɔŋ lɛ mli,"No mli lɛ, ŋmeii lɛ efee klalo kɛ́ baai lɛ tsɔ ŋmɔŋ ni amɛbɔi ŋmɔlɔ. Obaanyɛ ogbala tso lɛ kɛya ŋwɛi koni okwɛ mli. Kɛji akɛ ŋshɔŋloo lɛ mli lɛ yɛ ŋmɔtɔ ni mli edɔ ni ŋshɔŋlooi lɛ eyi obɔ lɛ, no lɛ be eshɛɛ ni esa akɛ akpa.",Mɛyɛ dɛn ahu bere a ɛfata a ɛsɛ sɛ mitwa atoko? Sɛnea ɛbɛyɛ a bankye no remporɔw wɔ asase no mu,"Atoko ayɛ krado bere a nhaban no dan kɔkɔɔ na efi ase wosow no. Wubetumi atwe afifide no akɔ soro akɔhwɛ mu. Sɛ abon no mu wɔ bruu tuntum na nnuaba no ayɛ ma a, bere aso sɛ wotwa."
Why do some groundnut plants produce large seeds while others produce small seeds on the same farm?,"Different groundnut varieties carry different traits. Plant breeders intentionally develop some varieties to produce larger seeds for snacking and direct eating, while smaller-seeded varieties are often developed for oil extraction.",Variety Selection and Market Needs,"I am a plant breeder, and whenever we do this work, we collaborate with farmers and those who work with groundnuts, perhaps those who sell them and those who use them to make various food products; it requires us to have many creative variations, and we make a selection.",tete wo tia meyɛ plan breeder na ɛberɛ biara no yɛ adwuma no deɛ yɛyɛ no sɛ yɛ ne akuafoɔ ɛne ɔmo a ɔmo de nkate a ɛyɛ ɔmo adwuma ebia ɔmo a ɔmo tɔn ne ɔmo a ɔmo de ɛyɛ nnuane ahodoɔ ɛdi nsa wɔ soɔ ɛbisa yɛ creative variation bebree na y'aseleksi,gjGJKVT_FlY_005.wav,Nukatae atikutsetse aɖewo tsea nuku gãwo? esime le esia ta lã ƒomevi aɖewo tsea nuku suewo le agble ɖeka dzi.,Nɔnɔme vovovowo le atikutsetse ƒomevi ɖesiaɖe si. Numiemie nyilawo ɖoe be yewoato numiemie ƒomevi aɖewo vɛ be woatsɔ awɔ nuku gãwo hena numeɖenuwo ɖuɖu kple nuɖuɖu tẽ. esime wotoa nuku ƒomevi suewo vɛ zi geɖe hena amiɖeɖe.,Mɛni hewɔ ŋmeii komɛi woɔ dumɔwui wuji lɛ? yɛ be mli ni no hewɔ lɛ kooloi srɔtoi komɛi woɔ dumɔwui bibii yɛ ŋmɔ kome mli.,"Esoro bɔ ni ŋmeii srɔtoi lɛ eko fɛɛ eko yɔɔ ha. Mɛi ni kwɛɔ tsei anɔ lɛ eto amɛyiŋ akɛ amɛbaafee tsei srɔtoi komɛi koni amɛkɛwo dumɔwui wuji ni akɛyeɔ niyenii fioo kɛ niyenii ni ayeɔ tɛ̃ɛ. yɛ be mli ni bei pii lɛ, afeɔ dumɔwui bibii srɔtoi koni akɛjie mu.",Dɛn nti na atoko bi ma aba akɛse? bere a enti mmoa ahorow bi sow aba nketewa wɔ afuw koro mu.,Ɛsono atoko ahorow biara su. Afifide a wɔyɛn wɔn no abɔ wɔn tirim sɛ wɔbɛyɛ afifide ahorow bi na ama wɔanya aba akɛse a wɔde bɛdidi na wɔadi tẽẽ. bere a wɔtaa yɛ ahorow a aba nketewa wom de yi ngo.
How do I choose the best groundnut variety if I want to sell to traders who make groundnut paste or oil?,"Different buyers look for different qualities. Varieties rich in oil are best for processors, while high-yield, sweet varieties are preferred for roasted snacks. Extension officers and plant breeders work with processors to recommend specific varieties that meet these exact market demands.",Variety Selection and Market Needs,"I am a plant breeder, and whenever we do this work, we collaborate with farmers and those who work with groundnuts, perhaps those who sell them and those who use them to make various food products; it requires us to have many creative variations, and we make a selection.",tete wo tia meyɛ plan breeder na ɛberɛ biara no yɛ adwuma no deɛ yɛyɛ no sɛ yɛ ne akuafoɔ ɛne ɔmo a ɔmo de nkate a ɛyɛ ɔmo adwuma ebia ɔmo a ɔmo tɔn ne ɔmo a ɔmo de ɛyɛ nnuane ahodoɔ ɛdi nsa wɔ soɔ ɛbisa yɛ creative variation bebree na y'aseleksi,gjGJKVT_FlY_005.wav,Aleke mawɔ atia atikutsetse ƒomevi nyuitɔ kekeake? Be woadzrae na asitsala siwo wɔa atikutsetse alo ami si wotu,Nuƒlela vovovowo dia nɔnɔme vovovowo. Ami ƒomevi siwo me ami sɔ gbɔ ɖo la sɔ nyuie wu na nusiwo wotsɔ wɔa dɔe. esime wozãa ƒomevi vivi siwo tsea ku zi geɖe le numeɖenu siwo wotɔ dzoe me. Extension dɔwɔlawo kple numiemie nyilawo wɔa dɔ kple numiemiewo dzralawo tsɔ kafua numiemie ƒomevi aɖewo koŋ siwo akpɔ asitsalawo ƒe nuhiahiãwo gbɔ ŋutɔŋutɔ.,Te mafee tɛŋŋ mahala ŋmei srɔtoi ni hi fe fɛɛ? Koni ahɔ̃ɔ aha jarayelɔi ni feɔ shikpɔŋ nɔ ŋmeii loo fɔ,Mɛi srɔtoi ni heɔ nii lɛ taoɔ sui srɔtoi. Srɔtoi ni mu eyi mli obɔ lɛ ji nɔ ni sa jogbaŋŋ kɛha mɛi ni feɔ nibii lɛ. yɛ be mli ni akɛ srɔtoi ni ŋɔɔ ni woɔ yibii babaoo tsuɔ nii yɛ niyenii ni ashãa mli. Nitsulɔi ni tsuɔ nii yɛ jɛmɛ kɛ mɛi ni kwɛɔ tsei anɔ lɛ kɛ mɛi ni tsuɔ tsei ahe nii lɛ tsuɔ nii koni amɛjie tsei srɔtoi pɔtɛɛ ni kɛ jarayeli hiamɔ nii kpãa gbee diɛŋtsɛ lɛ akpo.,Mɛyɛ dɛn apaw atoko ahorow a eye sen biara? Sɛ wɔbɛtɔn ama aguadifo a wɔyɛ atoko a wɔayam anaa ngo,Adetɔfo ahorow hwehwɛ su ahorow. Nneɛma ahorow a ngo wom no fata yiye ma wɔn a wɔde yɛ nneɛma. bere a wɔtaa de ahorow a ɛyɛ dɛ na ɛsow aba pii di dwuma wɔ nnuan a wɔayam mu. Extension adwumayɛfo ne afifide a wɔyɛn wɔn ne wɔn a wɔyɛ afifide no yɛ adwuma de kamfo afifide ahorow pɔtee bi a edi gua so ahiade ho dwuma ankasa kyerɛ.
Why should I buy newly developed groundnut seeds instead of planting the seeds I saved from last year's harvest?,"Saved seeds can lose their purity and vigor over time, leading to lower yields and disease susceptibility. Newly developed seeds are carefully selected by plant breeders to offer higher yields, better disease resistance, and improved market quality.",Variety Selection and Market Needs,"I am a plant breeder, and whenever we do this work, we collaborate with farmers and those who work with groundnuts, perhaps those who sell them and those who use them to make various food products; it requires us to have many creative variations, and we make a selection.",tete wo tia meyɛ plan breeder na ɛberɛ biara no yɛ adwuma no deɛ yɛyɛ no sɛ yɛ ne akuafoɔ ɛne ɔmo a ɔmo de nkate a ɛyɛ ɔmo adwuma ebia ɔmo a ɔmo tɔn ne ɔmo a ɔmo de ɛyɛ nnuane ahodoɔ ɛdi nsa wɔ soɔ ɛbisa yɛ creative variation bebree na y'aseleksi,gjGJKVT_FlY_005.wav,Nukatae wòle be maƒle atikutsetse yeye siwo wodo tsɔ wu be mado nuku siwo medzra ɖo tso ƒe si va yi ƒe nuŋeŋe me?,Nuku siwo wodzra ɖo ate ŋu abu woƒe dzadzɛnyenye kple ŋusẽ le ɣeyiɣi aɖe megbe. Esia wɔnɛ be nukuwo ƒe ŋeŋe dzi ɖena kpɔtɔna eye dɔlélewo xɔxɔ bɔbɔe. Numiemie nyilawoe tia nuku yeye siwo wodo la nyuie. be woate ŋu awɔ nuku geɖe wu Dɔlélewo nutsitsi nyuie wu eye asitsatsa ƒe nyonyome nanyo ɖe edzi,Mɛni hewɔ esa akɛ mahe ŋmei dumɔwui ni afee ehee lɛ moŋ fe ni madu dumɔwui ni mikɛto kɛjɛ afi ni ho lɛ ŋmaa lɛ mli lɛ?,"Dumɔwui ni ato he gbɛjianɔ lɛ baanyɛ afite amɛhetsemɔ kɛ hewalɛ yɛ be ni sa mli. Enɛ haa yibiiwoo lɛ baa shi, ni helai hu baa mɔ nɔ oya. Mɛi ni kwɛɔ tsei anɔ lɛ ehala dumɔwui heei ni afee lɛ jogbaŋŋ. bɔni afee ni ekɛ yibii babaoo aba Helai ni hi jogbaŋŋ ni ekɛbaatsu nii ni eha jarayeli lɛ aya hiɛ",Dɛn nti na ɛsɛ sɛ metɔ atoko aba a wɔayɛ no foforo sen sɛ mɛdua aba a mede siee afe a etwaam no mu nnɔbae no?,Aba a wɔakora so no betumi ahwere ne ho tew ne ahoɔden bere kɔ so. Eyi ma nnɔbae a wonya no so tew na ɛma ɛyɛ mmerɛw sɛ wobenya nyarewa. Afifide a wɔyɛn wɔn no na wɔapaw aba a wɔayɛ no foforo no yiye. sɛnea ɛbɛyɛ a wobenya nnɔbae a ɛkɔ soro Nnyarewa a ɛko tia yiye na ɛma gua no so yɛ papa
Why do market traders offer lower prices for certain types of groundnuts even when they are fresh?,"Traders favor seed varieties that match consumer preferences, such as uniform size, easy shelling, or specific seed coat colors. Growing seed varieties developed in consultation with market sellers helps ensure your harvest meets market demands and gets a better price.",Variety Selection and Market Needs,"I am a plant breeder, and whenever we do this work, we collaborate with farmers and those who work with groundnuts, perhaps those who sell them and those who use them to make various food products; it requires us to have many creative variations, and we make a selection.",tete wo tia meyɛ plan breeder na ɛberɛ biara no yɛ adwuma no deɛ yɛyɛ no sɛ yɛ ne akuafoɔ ɛne ɔmo a ɔmo de nkate a ɛyɛ ɔmo adwuma ebia ɔmo a ɔmo tɔn ne ɔmo a ɔmo de ɛyɛ nnuane ahodoɔ ɛdi nsa wɔ soɔ ɛbisa yɛ creative variation bebree na y'aseleksi,gjGJKVT_FlY_005.wav,Nukatae asitsalawo tsɔa atikutsetse ƒomevi aɖewo ƒe asi bɔbɔ wu nenye be atikutsetse yeyewoe wonye gɔ̃ hã?,"Zi geɖe la, asitsalawo lɔ̃a nuku ƒomevi siwo kpɔa nuƒlelawo ƒe nuhiahiãwo gbɔ, abe woƒe lolome ɖeka kple wo ɖeɖe bɔbɔe ene. alo nuku ƒe awudziwui ƒe amadede tɔxɛ Nuku siwo woto vɛ le nuƒoƒo kple asitsalawo ƒe nudzralawo dodo me kpɔa egbɔ be wò nuŋeŋe sɔ ɖe asitsalawo ƒe didi nu eye wòkpɔa asi si nyo wu.",Mɛni hewɔ jarayelɔi kɛ jara ni baa shi haa ŋmeii srɔtoi komɛi kɛji akɛ amɛji ŋmeii heei po lɛ?,"Bei pii lɛ, jarayelɔi sumɔɔ dumɔwui srɔtoi ni kɛ jarayelɔi ahiamɔ nii kpãa gbee, tamɔ amɛdalɛ kome kɛ amɛhe ni ajieɔ lɛ mlɛo. loo dumɔwui pɔtɛɛ ko he su Dumɔwui ni aduɔ ni afee yɛ jara nɔ jarayelɔi ahe sanegbaa mli lɛ haa onikpamɔ lɛ kɛ jara nɔ nibii ni ataoɔ lɛ kpãa gbee ni onine shɛɔ jara ni hi jogbaŋŋ nɔ.",Dɛn nti na gua so aguadifo de atoko ahorow bi bo a ɛba fam ma sɛ ɛyɛ atoko a wɔayɛ no foforo mpo a?,"Mpɛn pii no, aguadifo pɛ aba ahorow a edi adetɔfo ahiade ho dwuma, te sɛ ne kɛse yɛ pɛ na ɛnyɛ den sɛ wobeyi afi mu. anaa aba pɔtee bi atade kɔla Aba a wodua a wɔne wɔn a wɔtɔn wɔ gua so asusuw ho no hwɛ hu sɛ wo nnɔbae no di gua so ahwehwɛde ho dwuma na wunya bo a eye."
Why do my groundnut plants have plenty of green leaves above ground but very few pods under the soil?,Excessive leafy growth often happens when there is too much nitrogen in the soil or a lack of calcium. Groundnut plants need balanced nutrients so they can shift their energy from leaf growth to forming strong pegs that grow into the soil to yield healthy pods.,Crop Growth and Behavior,"I am a plant breeder, and whenever we do this work, we collaborate with farmers and those who work with groundnuts, perhaps those who sell them and those who use them to make various food products; it requires us to have many creative variations, and we make a selection.",tete wo tia meyɛ plan breeder na ɛberɛ biara no yɛ adwuma no deɛ yɛyɛ no sɛ yɛ ne akuafoɔ ɛne ɔmo a ɔmo de nkate a ɛyɛ ɔmo adwuma ebia ɔmo a ɔmo tɔn ne ɔmo a ɔmo de ɛyɛ nnuane ahodoɔ ɛdi nsa wɔ soɔ ɛbisa yɛ creative variation bebree na y'aseleksi,gjGJKVT_FlY_005.wav,Nukatae aŋgba dama geɖe le nye atikutsetseti si le anyigba tame? Gake aŋgba ʋɛ aɖewo koe le anyigba te.,"Zi geɖe la, aŋgbawo ƒe tsitsi fũ akpa dzɔna ne nitrogen sɔ gbɔ ɖe anyigba me alo calcium mele eme o. Anyigbadzinumiemiewo hiã nunyiame siwo da sɔ ale be woate ŋu atrɔ ŋusẽ tso aŋgba siwo le tsitsim dzi ayi aŋgba sesẽ siwo tsina ɖe anyigba me be woawɔ aŋgba siwo le lãmesẽ me.",Mɛni hewɔ mi-peanut tso lɛ hiɛ baai eŋɔli babaoo yɛ shikpɔŋ lɛ nɔ lɛ? Shi pods fioo ko pɛ yɔɔ shikpɔŋ shishi.,"Bei pii lɛ, baai ni daa fe nine lɛ baa kɛji nitrogen fa babaoo yɛ sũ lɛ mli loo calcium bɛ sũ lɛ mli. Peanut tsei lɛ hia niyenii ni haa mɔ hewalɛ ni sa bɔni afee ni amɛtsake hewalɛ kɛjɛ baai ni miida lɛ mli kɛya ŋmeii ni wa ni daa kɛboteɔ shikpɔŋ lɛ mli lɛ afeemɔ mli koni amɛfee ŋmeii ni yɔɔ hewalɛ.",Dɛn nti na m’atoko dua no wɔ nhaban momono pii wɔ fam saa? Nanso pods kakraa bi pɛ na ɛwɔ asase ase.,"Mpɛn pii no, nhaban nyin dodo bere a nitrogen pii wɔ asase no mu anaasɛ calcium nni mu no. Peanut afifide hia aduannuru a ɛkari pɛ sɛnea ɛbɛyɛ a wobetumi adan ahoɔden afi nhaban a ɛrenyin so akɔyɛ nnua a ɛyɛ den a enyin kɔ asase no mu ma ɛyɛ nnuadewa a ahoɔden wom."
Why do groundnut pods form underground instead of growing on the branches like beans or maize?,"After groundnut flowers are pollinated above ground, the plant produces a growing stem called a peg. This peg grows downwards into the soil, where it develops into a pod underground to protect the seeds from heat, birds, and pests.",Crop Growth and Behavior,"I am a plant breeder, and whenever we do this work, we collaborate with farmers and those who work with groundnuts, perhaps those who sell them and those who use them to make various food products; it requires us to have many creative variations, and we make a selection.",tete wo tia meyɛ plan breeder na ɛberɛ biara no yɛ adwuma no deɛ yɛyɛ no sɛ yɛ ne akuafoɔ ɛne ɔmo a ɔmo de nkate a ɛyɛ ɔmo adwuma ebia ɔmo a ɔmo tɔn ne ɔmo a ɔmo de ɛyɛ nnuane ahodoɔ ɛdi nsa wɔ soɔ ɛbisa yɛ creative variation bebree na y'aseleksi,gjGJKVT_FlY_005.wav,Nukatae atikutsetse ƒe aŋgbawo dzɔna le anyigba te le esi teƒe be woatsi ɖe alɔwo abe gbe alo bli ene dzi?,"Ne wotsɔ atikutsetse seƒoƒowo ƒo ɖi le anyigba dzi vɔ la Numiemiea tsea ke siwo woyɔna be pegs. Pin sia atsi age ɖe anyigba me. Emegbe etsina zua anyigba te aŋgbawo be wòakpɔ nukuawo ta tso dzoxɔxɔ, xeviwo kple nudzodzoeviwo si me.",Mɛni hewɔ ŋmei ŋmɔji feɔ shikpɔŋ shishi yɛ nɔ najiaŋ ni amɛaakwɛ̃ yɛ tsei niji tamɔ ŋmei loo ŋmei nɔ lɛ?,"Beni ekɛ ŋmɔtɔ fɔfɔi ni yɔɔ shikpɔŋ lɛ nɔ lɛ ewo ŋmɔtɔ sɛɛ lɛ, tso lɛ woɔ ŋmɔtɔ ni atsɛɔ lɛ pegs. Pin nɛɛ baakwɛ̃ kɛya shikpɔŋ lɛ mli. No sɛɛ lɛ, etsɔɔ shikpɔŋ shishi ŋmeii ni ebuɔ dumɔwui lɛ ahe kɛjɛɔ dɔlɛ, okpoi kɛ kooloi ni yeɔ mɔ awui lɛ ahe.",Dɛn nti na atoko ntini yɛ wɔ asase ase sen sɛ ebenyin wɔ nkorabata te sɛ bankye anaa atoko so?,"Bere a wɔde atoko nhwiren ayɛ pollinate wɔ fam akyi Afifide no ma ntini a wɔfrɛ no pegs. Saa pin yi benyin akɔ asase no mu. Afei ɛyɛ asase ase nnuadewa de bɔ aba no ho ban fi ɔhyew, nnomaa ne mmoawa a wɔsɛe nnɔbae ho."
"Why do some groundnut varieties survive when dry weather hits, while others dry up and die quickly?","Different varieties possess different natural traits. Plant breeders select drought-tolerant varieties that develop deeper roots or conserve water better, allowing them to withstand dry spells far better than standard varieties.",Crop Growth and Behavior,"I am a plant breeder, and whenever we do this work, we collaborate with farmers and those who work with groundnuts, perhaps those who sell them and those who use them to make various food products; it requires us to have many creative variations, and we make a selection.",tete wo tia meyɛ plan breeder na ɛberɛ biara no yɛ adwuma no deɛ yɛyɛ no sɛ yɛ ne akuafoɔ ɛne ɔmo a ɔmo de nkate a ɛyɛ ɔmo adwuma ebia ɔmo a ɔmo tɔn ne ɔmo a ɔmo de ɛyɛ nnuane ahodoɔ ɛdi nsa wɔ soɔ ɛbisa yɛ creative variation bebree na y'aseleksi,gjGJKVT_FlY_005.wav,Nukatae atikutsetse ƒomevi aɖewo nɔa agbe le kuɖiɖi me? Togbɔ be ƒomevi aɖewo ƒuna hekuna kabakaba hã.,"Dzɔdzɔme nɔnɔme vovovowo le ƒomevi vovovowo si. Numiemie nyilawo tiaa ƒomevi siwo te ŋu nɔa te ɖe kuɖiɖi nu, siwo ƒe kewo de to wu alo wobi ɖe tsi takpɔkpɔ me. Esia wɔnɛ be wote ŋu nɔa te ɖe kuɖiɖi nu wu ƒomevi siwo wozãna ɖaa.",Mɛni hewɔ ŋmeii srɔtoi komɛi hiɔ shi yɛ shihilɛi ni mli egbi lɛ amli lɛ? Yɛ be mli ni henɔi komɛi gbɛ́ɔ ni amɛgboiɔ oya lɛ.,Srɔtoi srɔtoi yɛ adebɔɔ mli sui srɔtoi. Mɛi ni kwɛɔ tsei anɔ lɛ halaa tsei srɔtoi ni nyɛɔ amɛŋmɛɔ hɔmɔ naa ni amɛshishifãi lɛ mli kwɔ loo amɛhe esa jogbaŋŋ yɛ nu he. Enɛ haa amɛnyɛɔ amɛŋmɛɔ hɔmɔ naa babaoo fe ŋmeii srɔtoi ni afɔɔ namɔ lɛ.,Dɛn nti na atoko ahorow bi tra ase wɔ tebea horow a ɛyɛ kusuu mu? Bere a ahorow bi wow na wowuwu ntɛmntɛm no.,Ɛsono sɛnea ahorow ahorow no wɔ abɔde mu su ahorow. Wɔn a wɔtete afifide paw ahorow a wotumi gyina ɔpɛ ano a ntini a emu dɔ anaasɛ ɛyɛ papa wɔ nsu a wɔkora so mu. Eyi ma wotumi gyina ɔpɛ ano kɛse sen ahorow a wɔtaa de di dwuma no.
Why do crop researchers come to our villages to ask farmers to test new seeds on our fields?,"Breeding successful crops requires creative variations, but only farmers know the practical conditions of their local soil and climate. Researchers collaborate with farmers to see which experimental seeds perform best under real field conditions before releasing them widely.",Plant Breeding and Testing,"I am a plant breeder, and whenever we do this work, we collaborate with farmers and those who work with groundnuts, perhaps those who sell them and those who use them to make various food products; it requires us to have many creative variations, and we make a selection.",tete wo tia meyɛ plan breeder na ɛberɛ biara no yɛ adwuma no deɛ yɛyɛ no sɛ yɛ ne akuafoɔ ɛne ɔmo a ɔmo de nkate a ɛyɛ ɔmo adwuma ebia ɔmo a ɔmo tɔn ne ɔmo a ɔmo de ɛyɛ nnuane ahodoɔ ɛdi nsa wɔ soɔ ɛbisa yɛ creative variation bebree na y'aseleksi,gjGJKVT_FlY_005.wav,Nukatae agblemenukulawo le vavam le míaƒe kɔƒea me be yewoabia tso agbledelawo si be woado nuku yeyewo kpɔ le míaƒe agblewo me?,Numiemiewo ƒe vidzidzi dzidzedzetɔe bia be woato nu yeyewo vɛ. Gake agbledelawo koe nya woƒe nutoa me anyigba kple yame ƒe nɔnɔme ƒe nɔnɔme ŋutɔŋutɔwo. Numekulawo wɔa dɔ kple agbledelawo be woakpɔ nuku siwo wodo kpɔ siwo wɔa dɔ nyuie wu le xexeame ƒe nɔnɔme ŋutɔŋutɔwo me hafi aɖe wo ɖe go le teƒe geɖe.,Mɛni hewɔ ŋmɔshi nibii ahe niiamlitaolɔi miiba wɔ akrowa lɛ koni amɛbabi okwaafoi ni amɛka dumɔwui heei amɛkwɛ yɛ wɔŋmɔji amli lɛ?,Tsei afɔmɔ ni yeɔ omanye lɛ biɔ gbɛi ni atsɔɔ nɔ afee nibii. Shi okwaafoi pɛ le shihilɛi ni anyɛɔ atsuɔ he nii yɛ amɛmaŋ shikpɔŋ lɛ kɛ kɔɔyɔŋ tsakemɔ mli. Nibii amlitaolɔi kɛ okwaafoi tsuɔ nii koni amɛkwɛ dumɔwui ni akaa amɛ akwɛɔ lɛ ateŋ nɔ ni tsuɔ nii jogbaŋŋ yɛ shihilɛi ni yɔɔ diɛŋtsɛ amli dani amɛjieɔ amɛ kpo babaoo.,Dɛn nti na nnɔbae ho nhwehwɛmufo reba yɛn akuraa ase abɛsrɛ akuafo sɛ wɔnsɔ aba foforo nhwɛ wɔ yɛn mfuw mu?,Afifide a ɛbɛwo yiye no hwehwɛ sɛ wɔfa akwan horow a wɔfa so yɛ nneɛma foforo. Nanso akuafo nkutoo na wonim tebea horow a mfaso wɔ so a ɛwɔ wɔn mpɔtam hɔ asase ne wim tebea mu. Nhwehwɛmufo ne akuafo yɛ adwuma de hwɛ aba a wɔasɔ ahwɛ a ɛyɛ adwuma yiye wɔ wiase tebea horow ankasa mu ansa na wɔayi no adi kɛse.
Why do some groundnut varieties rot easily in storage while others stay good for months?,Post-harvest durability depends on genetic traits such as shell thickness and natural resistance to mold. Breeders select varieties with tougher shells and lower moisture retention to reduce spoilage after harvest.,Harvesting and Post-Harvest Quality,"I am a plant breeder, and whenever we do this work, we collaborate with farmers and those who work with groundnuts, perhaps those who sell them and those who use them to make various food products; it requires us to have many creative variations, and we make a selection.",tete wo tia meyɛ plan breeder na ɛberɛ biara no yɛ adwuma no deɛ yɛyɛ no sɛ yɛ ne akuafoɔ ɛne ɔmo a ɔmo de nkate a ɛyɛ ɔmo adwuma ebia ɔmo a ɔmo tɔn ne ɔmo a ɔmo de ɛyɛ nnuane ahodoɔ ɛdi nsa wɔ soɔ ɛbisa yɛ creative variation bebree na y'aseleksi,gjGJKVT_FlY_005.wav,Nukatae atikutsetse ƒomevi aɖewo gblẽna bɔbɔe ne wodzra wo ɖo? Togbɔ be woate ŋu adzra ƒomevi aɖewo ɖo ɣleti geɖe hã?,Nusiwo nɔa anyi didina le nuŋeɣi megbe nɔ te ɖe domenyiŋusẽfianu ƒe nɔnɔmewo abe lãgbalẽ ƒe titrime ene dzi. kple dzɔdzɔme aŋɔ ƒe tsitretsitsi Vinyilawo tiaa ƒomevi siwo ƒe gowo sesẽ wu eye womete ŋu léa tsi ɖe te o. Be woaɖe gbegblẽ dzi akpɔtɔ le nuŋeɣi megbe,Mɛni hewɔ ŋmeii srɔtoi komɛi fiteɔ oya kɛ́ akɛto lɛ? Yɛ be mli ni abaanyɛ akɛ henɔi komɛi ato nyɔji babaoo lɛ?,Bɔ ni ebaahi shi yɛ ŋmaakpamɔ sɛɛ lɛ damɔ fɔmɔ su tamɔ bɔ ni eshishifãi lɛ mli tse ha lɛ nɔ. kɛ adebɔɔ mli ŋmeii ni nyɛɔ eshiɔ ŋmeii lɛ Mɛi ni kwɛɔ ŋmeii lɛ anɔ lɛ halaa ŋmeii srɔtoi ni yɔɔ ŋmeii ni wa ni amɛnyɛŋ amɛhiɛ ŋmeii amli lɛ. Koni nibii ni fiteɔ lɛ aba shi yɛ ŋmaakpamɔ sɛɛ,Dɛn nti na atoko ahorow bi porɔw ntɛm bere a wɔde asie? Bere a wobetumi de ahorow bi asie asram pii no?,Sɛnea ɛbɛtena hɔ akyɛ wɔ otwa akyi no gyina awosu mu su te sɛ nea ɛyɛ peel no duru so. ne abɔde mu nsunsu a ɛko tia Awofo paw ahorow a ɛwɔ abon a ɛyɛ den na entumi nkora nsu mu kɛse. Sɛnea ɛbɛyɛ a wɔbɛtew ɔsɛe so bere a wɔatwa bere awie no
How can I tell if a groundnut variety matures quickly so I can harvest before the rains stop?,"Varieties are developed with specific maturity periods, usually ranging from 90 days for early-maturing types to 120 days for late-maturing ones. Checking seed descriptions or asking an extension officer helps you match the variety to your area's rainy season length.",Harvesting and Post-Harvest Quality,"I am a plant breeder, and whenever we do this work, we collaborate with farmers and those who work with groundnuts, perhaps those who sell them and those who use them to make various food products; it requires us to have many creative variations, and we make a selection.",tete wo tia meyɛ plan breeder na ɛberɛ biara no yɛ adwuma no deɛ yɛyɛ no sɛ yɛ ne akuafoɔ ɛne ɔmo a ɔmo de nkate a ɛyɛ ɔmo adwuma ebia ɔmo a ɔmo tɔn ne ɔmo a ɔmo de ɛyɛ nnuane ahodoɔ ɛdi nsa wɔ soɔ ɛbisa yɛ creative variation bebree na y'aseleksi,gjGJKVT_FlY_005.wav,Aleke mawɔ anya ne nye atikutsetse ƒomeviwo le tsitsim kabakaba ale be mate ŋu aŋe wo hafi tsi natɔ?,"Wotoa ƒomeviwo vɛ kple tsitsi ƒe ɣeyiɣi tɔxɛwo. Zi geɖe la, esia xɔa ŋkeke 90 na ƒomevi siwo tsi kaba va ɖo ŋkeke 120 na ƒomevi siwo tsi megbe. Ne èlé ŋku ɖe nukua ƒe numeɖeɖe ŋu alo nèbia kekeɖenudɔdzikpɔla aɖe la, akpe ɖe ŋuwò nàsɔ kple ƒomeviawo wòasɔ kple tsidzaɣi si le miaƒe nutoa me.",Te mafee tɛŋŋ male akɛ mi-peanut henɔi lɛ miida oya bɔni afee ni manyɛ makpa amɛ dani nugbɔ lɛ akpa?,"Afeɔ henɔi srɔtoi ni dalɛ bei pɔtɛɛ komɛi yɔɔ mli. Enɛ jeɔ shishi kɛjɛɔ gbii 90 kɛha ŋmeii ni shwereɔ mra lɛ kɛyashiɔ gbii 120 kɛha ŋmeii ni shwereɔ sɛɛ mli lɛ. Kɛ́ okwɛ dumɔwui lɛ ahe saji amli loo obi mɔ ko ni kwɛɔ nibii anɔ lɛ, ebaaye ebua bo ni okɛ dumɔwui lɛ afee ekome kɛ nugbɔshiimɔ be ni yɔɔ he ni oyɔɔ lɛ.",Mɛyɛ dɛn ahu sɛ m’atoko ahorow no nyin ntɛmntɛm sɛnea ɛbɛyɛ a metumi atwa ansa na osu no agyae?,"Wɔyɛ ahorow ahorow a ɛwɔ bere pɔtee bi a wɔde nyin. Mpɛn pii no, eyi fi nnafua 90 ma ahorow a enyin ntɛm kosi nnafua 120 ma ahorow a enyin akyiri. Sɛ wohwɛ aba no ho nkyerɛkyerɛmu anaasɛ wubisa obi a ɔhwɛ ntrɛwmu so a, ɛbɛboa wo ma wode ahorow no ne osutɔ bere a ɛwɔ wo mpɔtam hɔ no ahyia."
Why are the lower leaves of my maize turning yellow while the top leaves are still green?,"Yellowing lower leaves on maize usually means the crop is short on nitrogen, an important plant food. When nitrogen runs low in the soil, the plant moves what little it has left to the newer upper leaves to survive.",Soil and Crop Nutrition,"To those who are responsible, thank you for joining us on short notice. I wish you a happy New Year and declare this meeting open.",who are responsibility no by joining us short notice mema mo afihwa pa declare this meeting open,8jU1u1_j4CA_006.wav,Nukatae bli ƒe aŋgba siwo le ete la zua ɣie gake aŋgba siwo le etame ya gakpɔtɔ nyea amadede dzẽ?,"Zi geɖe la, aŋgba ɣi siwo le bli dzi fia be nitrogen, si nye numiemie ƒe nuɖuɖu vevi aɖe, mele numiemiea si o. Ne nitrogen sue aɖe koe susɔ ɖe anyigba me Numiemiea atsɔ nusi susɔ la ayi aŋgba yeye siwo le etame be wòatsi agbe.",Mɛni hewɔ ŋmãa ni yɔɔ shishigbɛ lɛ feɔ ŋmɔŋ shi ŋwɛi baa lɛ yaa nɔ efeɔ ŋmɔŋ lɛ?,"Bei pii lɛ, baa ni yɔɔ shishigbɛ ni ji ŋmɔŋ ni yɔɔ ŋmãa nɔ lɛ tsɔɔ akɛ nitrogen, ni ji tso niyenii ni he hiaa waa lɛ bɛ tso lɛ mli. Kɛji nitrogen fioo pɛ eshwɛ yɛ shikpɔŋ lɛ mli lɛ Tso lɛ baajie nɔ ni eshwɛ lɛ kɛya ŋwɛi baai heei lɛ anɔ koni ehi shi.",Dɛn nti na atoko nhaban a ɛwɔ fam no dan kɔkɔɔ nanso nhaban a ɛwɔ soro no kɔ so yɛ ahabammono?,"Nhaban kɔkɔɔ a ɛwɔ atoko so no taa kyerɛ sɛ afifide no nni nitrogen, afifide aduan a ɛho hia. Sɛ nitrogen kakraa bi na aka wɔ asase no mu a Afifide no de nea aka no bɛkɔ nhaban a ɛwɔ soro foforo mu na ama atra ase."
"Why does my cassava produce huge, bushy leaves but very small tubers underground?","When soil has too much nitrogen or is overly rich in animal manure, the cassava plant spends all its energy growing leaves and stems on top instead of sending food down to build fat roots.",Soil and Crop Nutrition,"To those who are responsible, thank you for joining us on short notice. I wish you a happy New Year and declare this meeting open.",who are responsibility no by joining us short notice mema mo afihwa pa declare this meeting open,8jU1u1_j4CA_006.wav,Nukatae nye cassava ƒe aŋgba gãwo le abe gbe ene gake woƒe aŋgbawo le sue ŋutɔ le anyigba te?,Ne nitrogen sɔ gbɔ ɖe anyigba me alo lãwo ƒe aɖuɖɔ sɔ gbɔ akpa. Cassava numiemiea zãa eƒe ŋusẽ katã tsɔ tsia aŋgbawo kple kewo ɖe etame. Le esi teƒe be woaɖo nuɖuɖu ɖe anyi be woawɔ ke siwo me ami le,Mɛni hewɔ mi-cassava lɛ yɛ baai wuji ni yɔɔ ŋmɔ mli shi shikpɔŋ shishi ŋmeii bibii waa lɛ?,Beni shikpɔŋ lɛ nɔ nitrogen fa tsɔ loo kooloi ashishifãi fa tsɔ. Cassava tso lɛ kɛ ehewalɛ fɛɛ tsuɔ nii ni ekɛwoɔ baai kɛ ŋmeii ni yɔɔ nɔ lɛ anɔ. Yɛ nɔ najiaŋ ni oootsu niyenii kɛba shi koni ekɛfee shishifãi ni yɔɔ fɔ,Dɛn nti na me cassava no wɔ nhaban akɛse a ɛyɛ nnua nanso ɛyɛ nketewa paa wɔ asase ase?,Sɛ asase no mu nitrogen dɔɔso dodo anaasɛ mmoa nwura dɔɔso dodo a. Cassava afifide no de n’ahoɔden nyinaa nyin nhaban ne ntini no wɔ soro. Sɛ́ anka wobɛsoma aduan akɔ fam ma ayɛ ntini a srade wom
Why do my groundnut plants push their flowers into the dirt after they bloom?,"Groundnuts naturally produce their pods underground. After the yellow flower on top is pollinated, the plant grows a small stem called a peg that burrows into the soil where the actual peanut grows.",Crop Behavior and Life Cycle,"To those who are responsible, thank you for joining us on short notice. I wish you a happy New Year and declare this meeting open.",who are responsibility no by joining us short notice mema mo afihwa pa declare this meeting open,8jU1u1_j4CA_006.wav,Nukatae nye atikutsetse ƒe numiemie ƒoa eƒe seƒoƒowo ɖe anyigba me ne wose seƒoƒo vɔ?,"Le dzɔdzɔme nu la, atikutsetsewo wɔa aŋgbawo le anyigba te. Ne wotsɔ seƒoƒo ɣi siwo le etame la ƒo aɖi vɔ la, ke sue aɖe nɔa numiemiea ŋu. Woyɔa esiawo be peg siwo woɖena ɖe anyigba si me atikutsetseawo tsina le la me.",Mɛni hewɔ mi-peanut tso lɛ tsiɔ efɔfɔi lɛ awoɔ shikpɔŋ lɛ mli beni amɛwo fɔfɔi lɛ sɛɛ lɛ?,"Peanuts feɔ pods yɛ shikpɔŋ shishi yɛ adebɔɔ naa. After the yellow flowers on top have been pollinated, The plant has a small trunk. Atsɛɔ enɛɛmɛi akɛ ŋtayaai ni afoɔ awoɔ sũ ni ŋmeii lɛ kwɛ̃ɔ yɛ mli lɛ mli.",Dɛn nti na m’atoko dua no pia ne nhwiren no kɔ dɔte mu bere a ayɛ nhwiren awie no?,"Atoko fi awosu mu ma ɛyɛ nnuadewa wɔ asase ase. Bere a wɔde nhwiren kɔkɔɔ a ɛwɔ soro no ayɛ pollinate akyi no, Afifide no wɔ dua ketewaa bi. Wɔfrɛ eyinom pegs a wotutu kɔ asase a atoko nyin wom no mu."
Why do the flowers on my tomato plants fall off without turning into tomatoes?,Tomato flowers often drop off when the heat becomes too intense or when the plant experiences sudden dry spells. The plant drops its flowers to save water and energy when stressed.,Crop Behavior and Life Cycle,"To those who are responsible, thank you for joining us on short notice. I wish you a happy New Year and declare this meeting open.",who are responsibility no by joining us short notice mema mo afihwa pa declare this meeting open,8jU1u1_j4CA_006.wav,Nukatae seƒoƒo siwo le nye tomatos numiemiewo dzi la gena evɔ wometrɔna zua tomatos o?,"Zi geɖe la, tomatos seƒoƒowo gena ne dzoxɔxɔa nu sẽ akpa alo ne numiemiea ƒu kpata. Numiemiewo tsɔa woƒe seƒoƒowo ƒua gbe be tsi kple ŋusẽ nanɔ wo ŋu ne nuteɖeamedzi le wo ŋu.",Mɛni hewɔ fɔfɔi ni yɔɔ mi-tomato tsei lɛ anɔ lɛ shwieɔ shi ni amɛtsakeee amɛfeɔ tomato lɛ?,"Bei pii lɛ, tomato fɔfɔi lɛ shwieɔ shi kɛ́ latsaa lɛ mli wa tsɔ loo kɛ́ tso lɛ mli egbi trukaa. Tsei shwieɔ amɛfɔfɔi lɛ koni amɛkɛbu nu kɛ hewalɛ he kɛ́ amɛmiihao.",Dɛn nti na nhwiren a ɛwɔ me tomato afifide so no hwe ase a ɛndan tomato?,"Mpɛn pii no, tomato nhwiren hwe ase bere a ɔhyew no ano yɛ den dodo anaasɛ bere a afifide no ayow mpofirim no. Afifide tow wɔn nhwiren gu sɛnea ɛbɛyɛ a wɔbɛkora nsu ne ahoɔden so bere a wɔayɛ basaa no."
Why are the leaves on my pepper plants curling up and looking crinkled?,"Curled leaves on pepper plants are usually caused by tiny insects like thrips or aphids sucking the sap from under the leaf, or from a virus spread by those pests.",Crop Behavior and Life Cycle,"To those who are responsible, thank you for joining us on short notice. I wish you a happy New Year and declare this meeting open.",who are responsibility no by joining us short notice mema mo afihwa pa declare this meeting open,8jU1u1_j4CA_006.wav,Nukatae nye atadi numiemiea ƒe aŋgbawo le ƒoƒom eye wodzena abe ɖe wole ƒoƒom ene?,"Zi geɖe la, nudzodzoe suewo abe thrips alo aphids ene siwo noa tsi si le aŋgbawo te gbɔe aŋgba siwo woƒo ɖe atadi numiemiewo dzi la tsona. alo tso dɔlékui siwo nudzodzoevi mawo kaka gbɔ",Mɛni hewɔ baai ni yɔɔ mi-pepper tso lɛ nɔ lɛ ebɔle ehe ni etamɔ nɔ ni ebɔle ehe lɛ?,"Bei pii lɛ, kooloi bibii tamɔ thrips loo aphids ni nuɔ nu ni jɛɔ baai lɛ ashishi lɛ ji nɔ ni kɛ baai ni ebɔle ehe lɛ baa. loo kɛjɛ helai ni nakai tsɛŋemɔ helai lɛ gbɛɔ eshwaa lɛ amli",Dɛn nti na nhaban a ɛwɔ me ɛmo dua no so no ayɛ kurukuruwa na ɛte sɛ nea ɛyɛ nsensanee?,"Mpɛn pii no, nkoekoemmoa nketewa te sɛ thrips anaa aphids a wɔnom nsu a efi nhaban no ase no na ɛde nhaban a wɔabɔ no kurukuruwa ba. anaasɛ efi mmoawa a saa mmoawa no trɛw mu"
Why do my cocoa trees drop most of their small leaves during the dry hamattan season?,Cocoa trees drop leaves during dry weather as a survival tactic to reduce the amount of water escaping from the tree when the soil has very little moisture.,Crop Behavior and Life Cycle,"To those who are responsible, thank you for joining us on short notice. I wish you a happy New Year and declare this meeting open.",who are responsibility no by joining us short notice mema mo afihwa pa declare this meeting open,8jU1u1_j4CA_006.wav,Nukatae nye kakao numiemie le aŋgba suesuesuewo ƒom? Harmattan ƒe kuɖiɣi koŋ.,Kakao-tiwo tsɔa woƒe aŋgbawo ƒua gbe le yame ƒe fafaɣi abe agbetsitsi ƒe mɔnu si woatsɔ aɖe tsi si sina le ati la me dzi akpɔtɔ ne anyigba me tsi ʋee ŋutɔ.,"Mɛni hewɔ mi cacao tso lɛ miiho baai bibii lɛ? Titri lɛ, yɛ Harmattan nugbɔshiimɔ be lɛ mli.",Cacao tsei lɛ shwieɔ amɛbaai lɛ shi yɛ be mli ni kɔɔyɔɔ lɛ mli egbi lɛ akɛ gbɛ ni amɛtsɔɔ nɔ amɛhiɔ shi koni nu ni hoɔ kɛjɛɔ tso lɛ mli lɛ aba shi beni shikpɔŋ lɛ nɔ ŋmɔtɔ fioo pɛ yɔɔ lɛ.,Dɛn nti na me kakao dua no retɔ nhaban nketenkete? Titiriw wɔ Harmattan bere a osu ntɔ no mu.,Kakao nnua tow wɔn nhaban gu wɔ wim tebea a ɛyɛ kusuu mu sɛ ɔkwan a wɔfa so tra ase de tew nsu dodow a guan fi dua no mu bere a asase mu nsu kakraa bi pɛ na ɛwɔ hɔ no so.
Why do I need to plant plantain trees alongside my young cocoa seedlings?,Young cocoa plants burn easily under intense sunlight. Plantains grow fast and have large leaves that provide the necessary shade and keep the soil moist for young cocoa plants to survive.,Field Management and Planting,"To those who are responsible, thank you for joining us on short notice. I wish you a happy New Year and declare this meeting open.",who are responsibility no by joining us short notice mema mo afihwa pa declare this meeting open,8jU1u1_j4CA_006.wav,Nukatae wòhiã be mado nukuwo ɖe kokoo ƒe nuku fẽwo xa?,Kakao-ti fẽwo dzona bɔbɔe le ɣe ƒe keklẽ sesẽ me. Plantainwo tsina kabakaba eye aŋgba gãwo le wo ŋu siwo naa vɔvɔli si hiã eye wònana anyigba xɔa dzo ale be kakao-ti fẽwo nate ŋu anɔ agbe.,Mɛni hewɔ ehe hiaa ni madu dumɔwui yɛ kookoo dumɔwui bibii lɛ ahe lɛ?,Cacao tsei bibii lɛ shãa oya yɛ hulu la ni naa wa shishi. Plantains daa oya ni eyɛ baai agboi ni haa hulutsoo ni he hiaa ni ehaa shikpɔŋ lɛ nɔ feɔ ŋmɔlɔŋmɔlɔ koni cacao tsei bibii lɛ anyɛ ahi shi.,Dɛn nti na ɛsɛ sɛ midua nnuadewa ka kokoo nnua nketewa ho?,Ɛnyɛ den sɛ kakao nnua nketewa bɛhyew wɔ owia hann a ano yɛ den ase. Plantain nyin ntɛmntɛm na ɛwɔ nhaban akɛse a ɛma sunsuma a ɛho hia na ɛma asase no yɛ nwini ma kakao nnua nketewa tumi tra ase.
Why do I need to put wooden sticks for my yam vines to climb on?,"Yam vines need to climb high so their leaves can capture maximum sunlight, which allows the plant to make enough food to send down to build larger tubers.",Field Management and Planting,"To those who are responsible, thank you for joining us on short notice. I wish you a happy New Year and declare this meeting open.",who are responsibility no by joining us short notice mema mo afihwa pa declare this meeting open,8jU1u1_j4CA_006.wav,Nukatae mehiã ati si matsɔ ade mɔli ƒe weintsetse me hafi mate ŋu alie?,Ele be mɔli weintsetsewo nali kɔkɔ ale be woƒe aŋgbawo nate ŋu akpɔ ɣe ƒe keklẽ geɖe alesi woate ŋui. Esia wɔnɛ be numiemiea te ŋu wɔa nuɖuɖu si sɔ be wòaɖo ɖe anyi be wòawɔ bulb gãwo.,Mɛni hewɔ tso he hiaa mi koni mikɛ sweet potato wain tso awo mli bɔni afee ni makwɔ nɔ lɛ?,Ehe miihia ni sweet potato wain tsei lɛ akwɔ kɛya ŋwɛi shɔɔŋ bɔni afee ni amɛbaa lɛ anyɛ ana hulu la babaoo bɔ ni eeenyɛ. Enɛ haa tso lɛ feɔ niyenii ni fa bɔ ni sa ni ekɛbaa shi koni efee bulbs wuji.,Dɛn nti na mihia dua a mede bɛto ɛmo bobe bi mu na ama matumi aforo?,Ɛsɛ sɛ ɛmo bobe foro kɔ soro sɛnea ɛbɛyɛ a wɔn nhaban betumi anya owia hann pii sɛnea wobetumi. Eyi ma afifide no tumi nya aduan a ɛdɔɔso a ɛbɛma akɔ fam ma ayɛ bulb akɛse.
Why do my maize cobs stay small when I plant seeds close together in the same hole?,"Planted too closely, maize roots fight each other for limited soil nutrients and water, which leaves every plant weak and results in small cobs.",Field Management and Planting,"To those who are responsible, thank you for joining us on short notice. I wish you a happy New Year and declare this meeting open.",who are responsibility no by joining us short notice mema mo afihwa pa declare this meeting open,8jU1u1_j4CA_006.wav,Nukatae bli ƒe aŋgbawo le sue nenema gbegbe ne wodo nukuawo ɖe wo nɔewo gbɔ le do ɖeka me?,wodoe wòte ɖe wo nɔewo ŋu akpa Bli ƒe kewo wɔa avu kple nunyiame siwo seɖoƒe li na le anyigba kple tsi me. Esia nana numiemiewo katã gbɔdzɔna eye wònana wokpɔa lãvi suewo.,Mɛni hewɔ ŋmãa ŋmeii lɛ feɔ bibii nɛkɛ beni adu dumɔwui lɛ ni bɛŋkɛ amɛhe yɛ bu kome mli lɛ?,adu ni ebɛŋkɛ tsɔ Abɛi shishifãi lɛ wuɔ koni amɛná niyenii ni fa fioo yɛ shikpɔŋ kɛ nu lɛ mli. Enɛ haa tsei fɛɛ gbɔjɔɔ ni nɔ ni jɛɔ mli baa ji ŋmeii bibii.,Dɛn nti na atoko nnua yɛ nketewa saa bere a wodua aba no bɛn ho wɔ tokuru koro mu no?,duaa no bɛn dodo Atoko ntini ko ma aduannuru kakraa bi a ɛwɔ asase ne nsu mu. Eyi ma afifide nyinaa yɛ mmerɛw na ɛde nkorabata nketewa ba.
Why should I prune away some of the young suckers growing around my main plantain stem?,"Allowing too many suckers to grow forces the mother plantain to share its food and water. Removing extra shoots ensures the main plant gets full energy to produce a large, heavy bunch.",Field Management and Planting,"To those who are responsible, thank you for joining us on short notice. I wish you a happy New Year and declare this meeting open.",who are responsibility no by joining us short notice mema mo afihwa pa declare this meeting open,8jU1u1_j4CA_006.wav,Nukatae matso atikutsetse fẽ ɖesiaɖe si le tsitsim ƒo xlãe? Nye akɔtaɖonu vevitɔ do.,"Ne wogblẽ aŋgba geɖe ɖi la, azi vidadaa dzi be wòama nuɖuɖu kple tsi. Ne woɖe aŋgba siwo sɔ gbɔ la ɖa la, enaa ŋusẽ blibo nɔa numiemie vevitɔa ŋu be wòawɔ ƒuƒoƒo gã siwo kpekpe.",Mɛni hewɔ esa akɛ mafolɔ tsei bibii fɛɛ ni kwɛ̃ɔ yɛ ehe lɛ? Mi tsɔne titri lɛ eje kpo.,"Kɛ́ ashi ŋmeii babaoo tsɔ lɛ, ebaanyɛ nyɛ lɛ nɔ ni ekɛ niyenii kɛ nu aha. Kɛ́ ajieɔ ŋmeii ni fa fe nine lɛ, ehaa tso titri lɛ náa hewalɛ fɛɛ ni ekɛfeɔ ŋmeii wuji ni tsii.",Dɛn nti na ɛsɛ sɛ mitwa nkorabata nketewa biara a enyin atwa ho ahyia no? Me trunk titiriw no adum.,"Sɛ wogyaw nkorabata pii a, ɛbɛhyɛ ɛna no ma wakyɛ aduan ne nsu. Sɛ woyi nkorabata a ɛboro so fi hɔ a, ɛma afifide titiriw no nya ahoɔden a edi mũ ma ɛyɛ akuwakuw akɛse a emu yɛ duru."
Why are the lower leaves of my maize plants turning yellow while the top leaves stay green?,"Yellowing of lower maize leaves usually signals a lack of nitrogen in the soil. Nitrogen helps plants make food; when it runs short, the plant moves what little it has to newer leaves at the top, leaving the old bottom leaves starving.",Nutrient & Soil Management,"UTV viewers, this is where we bring our work to an end for today.",utv ahwɛfoɔ ɛnɛ aha na yɛde a yɛkɔ adwumadie no yɛsi na mmom ɛba ɛpo kɔ,IgXzpxIFx9c_075.wav,Nukatae bli ƒe aŋgba siwo le ete la trɔna zua ɣie evɔ aŋgba siwo le etame ya nɔa amadede dzẽ me?,"Zi geɖe la, bli ƒe aŋgba siwo le ete ƒe ɣie nyea dzesi be nitrogen mele anyigba me o. Nitrogen kpena ɖe numiemiea ŋu wòwɔa nuɖuɖu. Ne ele kpuie la, numiemiea ʋua eƒe akpa sue aɖe yia aŋgba yeye siwo le etame la gbɔ. Na dɔ nawu aŋgba xoxo siwo le ete.",Mɛni hewɔ ŋmei tso ko shishigbɛ baai lɛ feɔ ŋmɔŋ yɛ be mli ni ŋwɛi baai lɛ yaa nɔ efeɔ ŋmɔŋ lɛ?,"Bei pii lɛ, ŋmãa ni yɔɔ shishigbɛ lɛ baai ni feɔ ŋmɔŋ lɛ tsɔɔ akɛ nitrogen bɛ sũ lɛ mli. Nitrogen yeɔ ebuaa tso lɛ ni efeɔ niyenii. Kɛ́ eyɛ kuku lɛ, tso lɛ tsiɔ ehe fioo kɛyaa baai heei ni yɔɔ ŋwɛi lɛ anɔ. Ha shishigbɛ baai momo lɛ aye hɔmɔ.",Dɛn nti na atoko afifide nhaban a ɛwɔ fam no dan kɔkɔɔ bere a nhaban a ɛwɔ soro no kɔ so yɛ ahabammono?,"Atoko nhaban a ɛwɔ fam a ɛyɛ kɔkɔɔ no taa kyerɛ sɛ nitrogen nni asase no mu. Nitrogen boa afifide no ma ɛyɛ aduan. Sɛ ɛyɛ tiaa a, afifide no de ne fã kakra kɔ nhaban foforo a ɛwɔ soro no so. Ma nhaban dedaw a ɛwɔ fam no nkɔ ɔkɔm."
Why do my crop leaves dry up and burn when I place fertilizer directly at the base of the stem?,"Placing concentrated fertilizer directly against the stem draws moisture out of the roots, causing chemical burn. Fertilizer should be placed in a small ring a few centimeters away from the stem so the roots absorb it safely.",Nutrient & Soil Management,"UTV viewers, this is where we bring our work to an end for today.",utv ahwɛfoɔ ɛnɛ aha na yɛde a yɛkɔ adwumadie no yɛsi na mmom ɛba ɛpo kɔ,IgXzpxIFx9c_075.wav,Nukatae nye numiemie ƒe aŋgbawo ƒuna eye wofiãna ne metsɔ ami de atikutsetsea ƒe gɔme tẽ?,"Ne ètsɔ ami si me wode tsii la de keawo ŋu tẽ la, ana tsi nadzo le keawo ŋu. Ehea atikewo ƒe dzobibi vɛ. Ele be woatsɔ ami ade asigɛ suewo me. Sentimeta ʋɛ aɖewo tso atikpoa gbɔ. ale be keawo nate ŋu axɔe dedie",Mɛni hewɔ mitso lɛ baai lɛ gbɛ́ɔ ni amɛshãa kɛ́ mikɛ ŋmɔshi nibii wo tso lɛ shishi tɛ̃ɛ lɛ?,"Kɛ́ akɛ ŋmɔshi nibii ni mli edɔ wo tsei lɛ ashishifãi lɛ anɔ tɛ̃ɛ lɛ, ebaagbala ŋmɔtɔ kɛjɛ shishifãi lɛ ahe. Ekɛ tsofa ni shãa nii baa. Esa akɛ akɛ ŋmɔshi nibii awo ŋmeii bibii amli. Sɛntimitai fioo komɛi kɛjɛ tso lɛ mli. koni shishifãi lɛ anyɛ aŋɔ lɛ shweshweeshwe",Dɛn nti na m’afifide no nhaban yow na ɛhyew bere a mede fango gu dua no ase tẽẽ no?,"Sɛ wode aduannuru a wɔahyɛ no den gu ntini no so tẽẽ a, ɛbɛtwe nsu afi ntini no ho. Ɛde nnuru a ɛhyew ba. Ɛsɛ sɛ wɔde fango gu nkaa nketewa mu. Sɛntimita kakraa bi fi dua no so. sɛnea ɛbɛyɛ a ntini no betumi atwe no dwoodwoo"
Why do people recommend planting groundnuts or beans on the same land where I grow maize?,"Groundnuts and beans belong to the legume family, which traps nitrogen gas from the air and stores it in the soil through their roots. This naturally enriches the soil with nutrients for heavy-feeding crops like maize.",Nutrient & Soil Management,"UTV viewers, this is where we bring our work to an end for today.",utv ahwɛfoɔ ɛnɛ aha na yɛde a yɛkɔ adwumadie no yɛsi na mmom ɛba ɛpo kɔ,IgXzpxIFx9c_075.wav,Nukatae amewo kafui be woade atikutsetse alo gbewo le anyigba ma ke si dzi medea bli ɖo la dzi?,Akɔɖu kple gbe nye mɔli siwo léa nitrogen gas tso yame eye wodzranɛ ɖo ɖe anyigba me to woƒe kewo me. Esia naa nunyiame siwo woatsɔ awɔ nuku siwo wotsɔa nuɖuɖu kpekpewo abe bli ene la nyona ɖe anyigba la dzi le dzɔdzɔme nu.,Mɛni hewɔ mɛi woɔ ŋaa akɛ adu ŋmei loo ŋmei yɛ shikpɔŋ ni miduɔ ŋmei yɛ nɔ lɛ nɔŋŋ nɔ lɛ?,Peanuts kɛ beans ji ŋmeii ni mɔ̃ɔ nitrogen gas ni jɛɔ kɔɔyɔɔ mli lɛ ni ekɛtoɔ shikpɔŋ lɛ mli kɛtsɔɔ amɛshishifãi lɛ anɔ. Enɛ haa shikpɔŋ lɛ feɔ nɔ ni yɔɔ sɛɛnamɔ kɛha niyenii ni tsii tamɔ ŋmãa.,Dɛn nti na nkurɔfo kamfo kyerɛ sɛ wondua atoko anaa bankye wɔ asase koro no ara a midua atoko so no so?,Atoko ne bankye yɛ atoko a ɛkyere nitrogen mframa fi mframa mu na ɛde sie asase mu denam wɔn ntini so. Eyi ma asase no nya aduannuru a wɔde yɛ nnɔbae a emu yɛ duru a wɔde ma aduan te sɛ atoko fi awosu mu.
Why should I cut away some of the young suckers growing around my main plantain tree?,"Too many suckers compete with the main plantain tree for soil nutrients, light, and water. Removing extra suckers leaves only one or two strong stems, which results in much larger plantain bunches.",Crop Growth & Pruning,"UTV viewers, this is where we bring our work to an end for today.",utv ahwɛfoɔ ɛnɛ aha na yɛde a yɛkɔ adwumadie no yɛsi na mmom ɛba ɛpo kɔ,IgXzpxIFx9c_075.wav,Nukatae matso aŋgba fẽ siwo le tsitsim ƒo xlã nye plantain vevitɔ?,"Aŋgba geɖe akpa ʋlia ho kple nuku vevitɔ le nunyiame siwo le anyigba, kekeli, kple tsi me ta. Ne woɖe aŋgba siwo sɔ gbɔ wu la ɖa la, ke ɖeka alo eve siwo le lãmesẽ me koe ana. Esia wɔnɛ be plantain-awo lolona wu sã.",Mɛni hewɔ esa akɛ mafolɔ tsei bibii ni kwɛ̃ɔ yɛ mi-plantain wulu lɛ he lɛ?,"Tsobii babaoo ni fa tsɔ kɛ dumɔwu titri lɛ yeɔ akaŋ koni amɛná niyenii ni yɔɔ sũ lɛ mli, la, kɛ nu mli. Kɛ́ ajie ŋmeii ni eshwɛ lɛ, ŋmeii kome loo enyɔ pɛ ni yɔɔ hewalɛ baajɛ mli aba. Enɛ haa plantains lɛ feɔ agboi babaoo.",Dɛn nti na ɛsɛ sɛ mitwa nkorabata nketewa a enyin atwa me plantain titiriw no ho ahyia no?,"Nnua pii dodo ne dua titiriw no si akan wɔ aduannuru a ɛwɔ asase, hann, ne nsu mu ho. Sɛ woyi nkorabata a ɛboro so no fi hɔ a, ɛbɛma woanya ntini biako anaa abien pɛ a ɛte apɔw. Eyi ma plantains no yɛ akɛse kɛse."
Why do I need to put tall sticks next to my yam mounds for the vines to climb?,Yam vines need to climb high so their leaves can spread out and catch direct sunlight. Good sunlight exposure helps the leaves manufacture the energy needed to grow large tubers underground.,Crop Growth & Pruning,"UTV viewers, this is where we bring our work to an end for today.",utv ahwɛfoɔ ɛnɛ aha na yɛde a yɛkɔ adwumadie no yɛsi na mmom ɛba ɛpo kɔ,IgXzpxIFx9c_075.wav,Nukatae wòle be matsɔ alɔ kɔkɔ aɖe aɖo egbɔ? Ƒo mɔli viviwo nu ƒu be weinkawo nalia?,Ele be mɔli weintsetsewo nali kɔkɔ ale be aŋgbawo nakaka eye ɣe ƒe keklẽ nadze wo ŋu tẽ. Ɣe ƒe keklẽ nyuie kpena ɖe aŋgbawo ŋu be woakpɔ ŋusẽ si hiã be woatsɔ atsi bulb gãwo le anyigba te.,Mɛni hewɔ esa akɛ mikɛ tso nine kakadaŋŋ ama emasɛi lɛ? Pile sweet potatoes kɛha wain tsei lɛ koni amɛkwɔ?,Ehe miihia ni sweet potato wain tsei lɛ akwɔ kɛya ŋwɛi shɔɔŋ koni amɛha baai lɛ agbɛ ashwã ni amɛná hulu la tɛ̃ɛ. Hulu la ni hi jogbaŋŋ lɛ yeɔ ebuaa baai lɛ ni amɛnáa hewalɛ ni he hiaa koni amɛkwɛ ŋmeii wuji ni yɔɔ shikpɔŋ shishi lɛ.,Dɛn nti na ɛsɛ sɛ mede nkorabata tenten bi si ne nkyɛn? Fa ɛmo a ɛyɛ dɛ boaboa ano ma bobe no foro?,Ɛsɛ sɛ ɛmo bobe foro kɔ soro na ama nhaban no atrɛw na anya owia hann tẽẽ. Owia hann a wɔde hyɛ nhaban mu yiye no boa ma wonya ahoɔden a ehia na ama bulb akɛse anyin wɔ asase ase no.
Why are the leaves on my pepper plants curling upwards and looking twisted?,"Leaf curling in peppers is usually caused by tiny sucking insects like aphids or mites, or a virus spread by these insects. They feed on leaf sap, causing young leaves to deform and twist as they expand.",Pests & Disease Signs,"UTV viewers, this is where we bring our work to an end for today.",utv ahwɛfoɔ ɛnɛ aha na yɛde a yɛkɔ adwumadie no yɛsi na mmom ɛba ɛpo kɔ,IgXzpxIFx9c_075.wav,Nukatae nye atadi-ti ƒe aŋgbawo le ƒoƒom eye wole dzedzem be wotro?,"Zi geɖe la, nudzodzoe sue siwo noa nu abe ʋetsuviwo alo ʋetsuviwo ene gbɔe aŋgbawo ƒe ƒoƒo ɖe atadi me tsona. alo dɔlékui siwo nudzodzoe siawo kakana Woɖua aŋgba ƒe tsi. Esia wɔnɛ be aŋgba fẽwo trɔna eye wotrona ne wole kekem ɖe enu.",Mɛni hewɔ baai ni yɔɔ mi-pepper tso lɛ nɔ lɛ miibɔle ehe ni efee tamɔ nɔ ni efite lɛ?,"Bei pii lɛ, kooloi bibii ni nuɔ nu tamɔ aphids loo mites ji nɔ ni kɛ baai ni shwieɔ ŋmɔtɔ mli lɛ baa. loo helai ni gbeɔ mɔ ni nɛkɛ kooloi nɛɛ gbɛɔ eshwaa Amɛyeɔ baa mli nu. Enɛ haa baai bibii lɛ fiteɔ ni amɛfiteɔ be mli ni amɛgbɛɔ amɛshwaa lɛ.",Dɛn nti na nhaban a ɛwɔ me ɛmo dua no so no ayɛ kurukuruwa na ɛte sɛ nea wɔakyinkyim?,"Mpɛn pii no, nkoekoemmoa nketewa a wɔnom te sɛ aphids anaa mites na ɛma nhaban a ɛyɛ kurukuruwa wɔ ɛmo mu. anaa mmoawa a nkoekoemmoa yi trɛw Wodi nhaban mu nsu. Eyi ma nhaban nketewa no sɛe na ɛkyinkyim bere a ɛretrɛw no."
Why are my young cocoa leaves turning brown and drying up during the hot season?,"Young cocoa trees are very sensitive to direct sunlight and high heat, which scorch their tender leaves. Providing shade from shade trees or shade plants like plantains protects them until they mature.",Pests & Disease Signs,"UTV viewers, this is where we bring our work to an end for today.",utv ahwɛfoɔ ɛnɛ aha na yɛde a yɛkɔ adwumadie no yɛsi na mmom ɛba ɛpo kɔ,IgXzpxIFx9c_075.wav,Nukatae nye kokoo aŋgba fẽwo trɔna zua blɔ eye woƒuna le dzomeŋɔli?,Kokooti fẽwo te ŋu sea ɣe ƒe keklẽ tẽ kple dzoxɔxɔ si nu sẽ. Esia ana aŋgba fẽawo nafiã. Vɔvɔli si tso vɔvɔlitiwo alo vɔvɔli numiemiewo abe plantains ene akpe ɖe wo ŋu woakpɔ numiemie siawo ta vaseɖe esime numiemieawo natsi.,Mɛni hewɔ mi-kookoo baai bibii lɛ feɔ ŋmɔtɔ ni amɛgbiɔ yɛ hulutsoo be mli lɛ?,Kookoo tsei bibii lɛ nuɔ hulu la ni tsoɔ tɛ̃ɛ kɛ dɔlɛ ni naa wa he waa. Enɛ baaha baai bibii lɛ ashã. Shade ni jɛɔ tsei ni haa shade loo tsei ni haa shade tamɔ plantains lɛ baaye abua ni abu tsei nɛɛ ahe kɛyashi tsei lɛ baadara.,Dɛn nti na me kokoo nhaban nketewa no dan bruu na ɛyow wɔ ahohuru bere mu?,Koko nnua nketewa tumi te owia hann tẽẽ ne ɔhyew a ano yɛ den nka. Eyi bɛma nhaban nketewa no ahyew. Sunsuma a efi nnua a ɛyɛ sunsuma anaa afifide a ɛyɛ sunsuma te sɛ plantains mu bɛboa ma wɔabɔ saa afifide yi ho ban kosi sɛ afifide no benyin.
Why do my tomato flowers fall off without producing any tomatoes?,"Tomato plants drop flowers when temperatures get too high or when water availability changes suddenly. Heat stress disrupts pollination, causing the plant to shed unpollinated flowers to conserve energy.",Flower & Fruit Development,"UTV viewers, this is where we bring our work to an end for today.",utv ahwɛfoɔ ɛnɛ aha na yɛde a yɛkɔ adwumadie no yɛsi na mmom ɛba ɛpo kɔ,IgXzpxIFx9c_075.wav,Nukatae nye tomatos seƒoƒowo gena tomatos aɖeke metsina o?,Tomatos numiemiewo sea seƒoƒo ne yame ƒe dzoxɔxɔ nu sẽ akpa alo ne tsi ƒe amesinɔnɔ trɔ kpata. Dzoxɔxɔ ƒe nuteɖeamedzi doa kplamatse pollination. Na atiwo naɖe seƒoƒo siwo me aɖi mele o ɖa be ŋusẽ nanɔ wo ŋu.,Mɛni hewɔ mi-tomato fɔfɔi lɛ shwieɔ shi ni tomato ko kwraa ekwɛɛɛ lɛ?,Tomato tsei fɔɔ fɔfɔi kɛ́ hulutsoo be lɛ mli wa tsɔ loo kɛ́ nu ni yɔɔ jɛmɛ lɛ tsake trukaa. Dɔlɛ mli haomɔ tsiɔ pollination naa. Ha tsei ajie fɔfɔi ni shwieee amɛhe koni amɛkɛbu hewalɛ he.,Dɛn nti na me tomato nhwiren no hwe ase a tomato biara nnyin?,Tomato afifide fifi bere a ɔhyew no kɔ soro dodo anaasɛ bere a nsu a ɛwɔ hɔ no sesa mpofirim no. Ɔhyew nhyɛso siw pollination kwan. Ma nnua nhwie nhwiren a enni nhwiren mu ngu na ama ahoɔden ankora so.
Why is it risky for me to sow my maize seeds immediately after the very first rain of the year?,"The first rain of the year is often followed by a long dry spell before the main rainy season settles. Sowing early causes seeds to germinate, only to dry up and die when the moisture quickly disappears.",Field Preparation & Weather Reaction,"UTV viewers, this is where we bring our work to an end for today.",utv ahwɛfoɔ ɛnɛ aha na yɛde a yɛkɔ adwumadie no yɛsi na mmom ɛba ɛpo kɔ,IgXzpxIFx9c_075.wav,Nukatae afɔku le eme be woaƒã blikuwo le ƒea ƒe tsidzadza gbãtɔ megbe teti?,"Zi geɖe la, tsidzadza gbãtɔ kplɔa kuɖiɣi didi aɖe ɖo hafi tsidzaɣi vevitɔ va ɖona. Nuwo ƒaƒã kaba ade dzi ƒo na nukuawo be woamie. Gake eƒuna eye wòkunana ne tsi si le eme la nu yi kaba.",Mɛni hewɔ eji oshara akɛ aaadu ŋmãa dumɔwui yɛ afi lɛ mli klɛŋklɛŋ nugbɔ lɛ sɛɛ nɔŋŋ lɛ?,"Bei pii lɛ, nugbɔshiimɔ be kakadaŋŋ nyiɛɔ klɛŋklɛŋ nugbɔshiimɔ ni nɛɔ yɛ afi lɛ mli lɛ sɛɛ dani nugbɔshiimɔ be titri lɛ baashɛ. Kɛ́ adu mra lɛ, ebaawo dumɔwui lɛ hewalɛ ni amɛkwɛ̃. Shi egbiɔ ni egboɔ kɛ́ ŋmɔtɔ lɛ laaje oya.",Dɛn nti na asiane wom sɛ wobegu atoko aba bere a osu a edi kan atɔ wɔ afe no mu akyi pɛɛ?,"Mpɛn pii no, osu a edi kan a ɛtɔ wɔ afe no mu no, ɔpɛ bere tenten ansa na osutɔ bere titiriw no adu. Sɛ wodua ntɛm a, ɛbɛhyɛ aba no nkuran ma afifi. Nanso ɛyow na ewu bere a nsu no yera ntɛmntɛm no."
Why do my cassava roots rot under the ground when heavy rains flood my farm?,"Cassava roots need air in the soil to breathe and stay healthy. When water sits on the field without draining, roots suffocate and become vulnerable to fungal rots that destroy the crop.",Field Preparation & Weather Reaction,"UTV viewers, this is where we bring our work to an end for today.",utv ahwɛfoɔ ɛnɛ aha na yɛde a yɛkɔ adwumadie no yɛsi na mmom ɛba ɛpo kɔ,IgXzpxIFx9c_075.wav,Nukatae nye cassava kewo gblẽna le anyigba te ne tsidzadza gã aɖe yɔ nye agblea me?,Cassava kewo hiã ya si le anyigba me hafi woate ŋu agbɔ ya eye woanɔ lãmesẽ me. Ne tsi le agblea dzi tsi aɖeke mele eme o Keawo agbɔdzɔ eye woate ŋu anɔ afɔku me be lãvi siwo le gbegblẽm si gblẽa nukua dome.,Mɛni hewɔ mi-cassava shishifãi lɛ fiteɔ yɛ shikpɔŋ shishi kɛ́ nugbɔ ni nɛɔ waa eyi miŋmɔ lɛ mli lɛ?,Cassava shishifãi hia kɔɔyɔɔ ni yɔɔ shikpɔŋ lɛ mli lɛ koni amɛmu ni amɛhi shi jogbaŋŋ. Kɛ nu yɛ ŋmɔ lɛ nɔ ni nu hoɔ yɛ ŋmɔ lɛ mli lɛ Shishifãi lɛ baafo ni amɛbaafee oshara akɛ ŋmeii ni fiteɔ ni fiteɔ ŋmɔshi nibii lɛ.,Dɛn nti na me cassava ntini porɔw asase ase bere a osu kɛse tɔ ma m’afuw no?,Cassava ntini hia mframa a ɛwɔ asase no mu na ama atumi ahome na atra apɔwmuden. Sɛ nsuo wɔ afuo mu a nsuo nkɔ mu a Ntini no bɛmene na akɔ asiane mu sɛ ntontom bɛporɔ a ɛsɛe nnɔbaeɛ no.
How do I know which direction is the top when I am planting cassava stems in the ground?,Look at the small buds or nodes along the cassava stem where the old leaves used to grow. These buds should always point upwards toward the sky so the plant can sprout leaves easily out of the soil.,Planting Techniques & Spacing,"And now I want my inheritance. I don't know my father, okay? My father is in the Asante region, indeed. So when there was a death there, they said that in the country where I was born, they took me to the city. I went to live there and life was not going well; my family and I were struggling, and then I returned as an Asante. Now how old are you, because...",yi na afei na mepɛ agyapadeɛ mennim me papa okay me papa na ɔwɔ asante region kɔkɔɔ okay enti owu wɔ hɔ no ɛna ɔmo sɛ adeɛ a costri mu yɛwoo me hɔ na yɛde me kɔɔ siri mu mekɔtena hɔ ara na brɛboɔ no nkɔ yie me ne me mmɔre no yɛ brɛ ɛna mesan ba asanteni afei na wanya mfeɛ sɛn because deɛ,TQQ8_jJ3xz4_044.wav,Aleke mawɔ anya mɔ si dzi wodo cassava-tiawo ɖo?,Kpɔ aŋgba sueawo alo aŋgba sueawo ɖa. Le cassava ƒe aŋgba si le nuto si me aŋgba xoxowo tsina le tsã la to. Ele be aŋgba siawo nafia dziƒo ɣesiaɣi ale be numiemiea nate ŋu ami aŋgbawo tso anyigba me bɔbɔe.,Te mafee tɛŋŋ male he ni adu ŋmeii lɛ yɛ?,Kwɛmɔ ŋmeii bibii loo ŋmeii lɛ. Yɛ ŋmei tso lɛ he yɛ he ni tsutsu lɛ baai momoi kwɛ̃ɔ yɛ lɛ. Esa akɛ nɛkɛ ŋmeii nɛɛ atsɔɔ ŋwɛi be fɛɛ be bɔni afee ni tso lɛ anyɛ akwɛ baai kɛjɛ shikpɔŋ lɛ nɔ mlɛo.,Mɛyɛ dɛn ahu baabi a wodua cassava nkorabata no?,Hwɛ nkorabata nketewa anaa ntini nketenkete no. Wɔ cassava dua no ho wɔ beae a na nhaban dedaw nyin no. Ɛsɛ sɛ saa nkorabata yi kyerɛ soro bere nyinaa sɛnea ɛbɛyɛ a ɛnyɛ den sɛ afifide no betumi anyin nhaban afi asase no mu.
Why do my crops grow tall and thin with very tiny food when I plant them too close together?,"Crops need light, water, and food from the soil to grow strong. When planted too close, they fight each other for sunlight, stretching tall and weak while starving for nutrients.",Planting Techniques & Spacing,"And now I want my inheritance. I don't know my father, okay? My father is in the Asante region, indeed. So when there was a death there, they said that in the country where I was born, they took me to the city. I went to live there and life was not going well; my family and I were struggling, and then I returned as an Asante. Now how old are you, because...",yi na afei na mepɛ agyapadeɛ mennim me papa okay me papa na ɔwɔ asante region kɔkɔɔ okay enti owu wɔ hɔ no ɛna ɔmo sɛ adeɛ a costri mu yɛwoo me hɔ na yɛde me kɔɔ siri mu mekɔtena hɔ ara na brɛboɔ no nkɔ yie me ne me mmɔre no yɛ brɛ ɛna mesan ba asanteni afei na wanya mfeɛ sɛn because deɛ,TQQ8_jJ3xz4_044.wav,Nukatae nye agblemenukuwo tsina henɔa ƒuƒuie ne nuɖuɖu ʋɛ aɖewo koe mele eme o? Esi wònye be medo numiemie siwo te ɖe wo nɔewo ŋu akpa ta la,"Numiemiewo hiã kekeli, tsi, kple nunyiame siwo tso anyigba me hafi woate ŋu atsi le lãmesẽ me. Ne wodoe wògogo akpa la Woaʋli ho ɖe ɣe ƒe keklẽ ŋu. Wokekee wòkɔ eye wògbɔdzɔ esime nunyiame ƒe dɔ nɔ ewum.",Mɛni hewɔ miŋmɔshi nibii lɛ daa ni amɛfeɔ mlɛo kɛ niyenii fioo ko pɛ? Akɛni midu tsei ni bɛŋkɛ amɛhe tsɔ hewɔ lɛ,"Tsei taoɔ la, nu, kɛ niyenii kɛjɛ sũ lɛ mli koni amɛdara jogbaŋŋ. Kɛ adu amɛ bɛŋkɛ tsɔ Amɛbaatswa hulu la he akaŋ. Ekpã shi ni egbɔjɔ be mli ni hɔmɔ yeɔ lɛ kɛha niyenii mli hewalɛ.",Dɛn nti na me nnɔbae nyin tenten na ɛyɛ teateaa a aduan kakraa bi na ɛwɔ hɔ saa? Esiane sɛ miduaa afifide a ɛbɛn wɔn ho dodo nti,"Afifide hia hann, nsu, ne aduannuru a efi asase mu na ama anyin yiye. Sɛ wodua no bɛn dodo a Wɔbɛsi akan wɔ owia hann ho. Ɔtrɛw ne ho tenten na ɔyɛ mmerɛw bere a ɔkɔm de no sɛ obenya aduannuru."
Why do farmers build high mounds of earth before planting yam tubers?,"Yam tubers need loose, soft soil to expand and grow big underneath the ground. Mounds keep the soil loose and prevent excess water from standing around the roots, which would cause the yam to rot.",Planting Techniques & Spacing,"And now I want my inheritance. I don't know my father, okay? My father is in the Asante region, indeed. So when there was a death there, they said that in the country where I was born, they took me to the city. I went to live there and life was not going well; my family and I were struggling, and then I returned as an Asante. Now how old are you, because...",yi na afei na mepɛ agyapadeɛ mennim me papa okay me papa na ɔwɔ asante region kɔkɔɔ okay enti owu wɔ hɔ no ɛna ɔmo sɛ adeɛ a costri mu yɛwoo me hɔ na yɛde me kɔɔ siri mu mekɔtena hɔ ara na brɛboɔ no nkɔ yie me ne me mmɔre no yɛ brɛ ɛna mesan ba asanteni afei na wanya mfeɛ sɛn because deɛ,TQQ8_jJ3xz4_044.wav,Nukatae agbledelawo tua ɖiƒoƒo kɔkɔwo hafi doa mɔli vivi?,Mɔli ƒe aŋgbawo hiã anyigba falɛfalɛ si me mekɔ o hafi woate ŋu akeke ahatsi lolo le anyigba te. Togbɛwo kpena ɖe anyigbaa ŋu wòɖea asi le eŋu eye tsi si sɔ gbɔ la megaƒoa ƒu ɖe keawo ŋu o. Esia ana mɔli viviawo nagblẽ.,Mɛni hewɔ okwaafoi maa sũi ni nɔ kwɔlɔ dani amɛduɔ ŋmeii lɛ?,"Sweet potato tubers lɛ he miihia shikpɔŋ ni mli tse, ni yɔɔ bɔdɔɔ koni amɛgbɛ amɛshwã ni amɛdara agbo yɛ shikpɔŋ shishi. Gɔji yeɔ ebuaa ni ehaa shikpɔŋ lɛ shwieɔ shi ni ehaaa nu ni fa fe nine lɛ abua naa yɛ shishifãi lɛ ahe. Enɛ baaha sweet potato lɛ agbo.",Dɛn nti na akuafo sisi dɔte a ɛkorɔn ansa na wɔadua ɛmo a ɛyɛ dɛ?,Ɛmo a ɛyɛ dɛ hia asase a ɛyɛ mmerɛw na ɛyɛ mmerɛw na ama atrɛw na anyin kɛse wɔ asase ase. Nkoko boa ma asase no yɛ mmerɛw na ɛmma nsu a ɛboro so no nhyia wɔ ntini no ho. Eyi bɛma ɛmo a ɛyɛ dɛ no aporɔw.
Why does my land produce less harvest if I plant maize on the exact same spot every single year?,Maize feeds heavily on specific soil nutrients every season. Planting the same crop continuously drains those nutrients completely. Rotating maize with crops like beans or groundnuts helps put natural food back into the soil.,Soil & Nutrient Management,"And now I want my inheritance. I don't know my father, okay? My father is in the Asante region, indeed. So when there was a death there, they said that in the country where I was born, they took me to the city. I went to live there and life was not going well; my family and I were struggling, and then I returned as an Asante. Now how old are you, because...",yi na afei na mepɛ agyapadeɛ mennim me papa okay me papa na ɔwɔ asante region kɔkɔɔ okay enti owu wɔ hɔ no ɛna ɔmo sɛ adeɛ a costri mu yɛwoo me hɔ na yɛde me kɔɔ siri mu mekɔtena hɔ ara na brɛboɔ no nkɔ yie me ne me mmɔre no yɛ brɛ ɛna mesan ba asanteni afei na wanya mfeɛ sɛn because deɛ,TQQ8_jJ3xz4_044.wav,Nukatae nye anyigba la tsea nu sue aɖe ne medo bli le teƒe ɖeka ƒe sia ƒe?,Bli ɖua anyigba me nunyiame tɔxɛ gbogbo aɖewo le ɣeyiɣi ɖesiaɖe me. Numiemie ɖeka ma ke tsitsi atraɖii aɖe nunyiame mawo vɔ keŋkeŋ. Bli ƒe tɔtrɔ kple nukuwo abe gbe alo atikutsetse ene Kpena ɖe dzɔdzɔmenuɖuɖu ŋu wòtrɔna yia anyigba me.,Mɛni hewɔ mishikpɔŋ lɛ woɔ ŋmaa fioo kɛji midu ŋmãa yɛ he kome daa afi lɛ?,Abɛi yeɔ shikpɔŋ mli niyenii pɔtɛɛi babaoo daa be mli. Tso kome too lɛ nɔŋŋ ni ayaa nɔ akwɛ̃ɔ lɛ baaha nakai niyenii mli hewalɛ nii lɛ afite kwraa. Abɛi ni akɛ ŋmɔshi nibii tamɔ ŋmei loo ŋmei tsakeɔ Eyeɔ ebuaa adebɔɔ mli niyenii ni ekuɔ esɛɛ kɛyaa shikpɔŋ lɛ nɔ.,Dɛn nti na m’asase no sow nnɔbae kakraa bi sɛ midua atoko wɔ beae koro afe biara a?,Atoko di asase mu aduannuru pɔtee pii bere biara. Afifide koro no ara a wobɛkɔ so anyin no bɛma saa aduannuru no asɛe koraa. Atoko a wɔde nnɔbae te sɛ bankye anaa atoko dannan Boa ma abɔde mu nnuan san kɔ asase no mu.
Why do my crop leaves burn and dry up when I put fertilizer directly touching the stems?,"Chemical fertilizer contains concentrated salts. Placing it directly against the stem burns the plant tissue and sucks water away from the roots, so it should always be buried a few inches away from the stem.",Soil & Nutrient Management,"And now I want my inheritance. I don't know my father, okay? My father is in the Asante region, indeed. So when there was a death there, they said that in the country where I was born, they took me to the city. I went to live there and life was not going well; my family and I were struggling, and then I returned as an Asante. Now how old are you, because...",yi na afei na mepɛ agyapadeɛ mennim me papa okay me papa na ɔwɔ asante region kɔkɔɔ okay enti owu wɔ hɔ no ɛna ɔmo sɛ adeɛ a costri mu yɛwoo me hɔ na yɛde me kɔɔ siri mu mekɔtena hɔ ara na brɛboɔ no nkɔ yie me ne me mmɔre no yɛ brɛ ɛna mesan ba asanteni afei na wanya mfeɛ sɛn because deɛ,TQQ8_jJ3xz4_044.wav,Nukatae nye numiemie ƒe aŋgbawo fiãna eye woƒuna ne metsɔ ami de eƒe ke ŋu tẽ?,"Dze sɔ gbɔ ɖe atikewo ƒe amiwo me. Ne wotsɔe da ɖe kea dzi tẽ la, atɔ dzo numiemiea ƒe lãkusi eye wòano tsi tso keawo me. Eyata ɖi wo ɣesiaɣi abe sentimeta 2-3 ene tso kea gbɔ.",Mɛni hewɔ mitso lɛ baai lɛ shãa ni amɛgbiɔ kɛ́ mikɛ ŋmɔshi nibii wo tso lɛ shishi tɛ̃ɛ lɛ?,"Tsofai ni akɛwoɔ ŋmɔ mli lɛ amli ŋmei babaoo yɛ mli. Kɛ́ okɛwo tso lɛ shishi tɛ̃ɛ lɛ, ebaashã tso lɛ fãji lɛ ni ebaaŋɔ nu kɛjɛ shishifãi lɛ amli. No hewɔ lɛ, be fɛɛ be lɛ, fuu amɛ aaafee 2-3 inch kɛjɛ tso lɛ shishi.",Dɛn nti na m’afifide no nhaban hyew na ɛyow bere a mede fango gu dua no so tẽẽ no?,"Nnuru a wɔde yɛ asase no wɔ nkyene pii. Sɛ wode si dua no so tẽẽ a, ɛbɛhyew afifide no ntini na anom nsu afi ntini no mu. Enti, bere nyinaa sie wɔn bɛyɛ nsateakwaa 2-3 fi dua no ho."
Why do my cocoa pods turn black and rot during the heavy rain season?,Heavy rain creates high humidity that allows a fungus called Black Pod disease to grow and spread fast. Clearing farm weeds and pruning excess tree branches allows sunlight in to dry the pods and protect them.,Pests & Crop Health,"And now I want my inheritance. I don't know my father, okay? My father is in the Asante region, indeed. So when there was a death there, they said that in the country where I was born, they took me to the city. I went to live there and life was not going well; my family and I were struggling, and then I returned as an Asante. Now how old are you, because...",yi na afei na mepɛ agyapadeɛ mennim me papa okay me papa na ɔwɔ asante region kɔkɔɔ okay enti owu wɔ hɔ no ɛna ɔmo sɛ adeɛ a costri mu yɛwoo me hɔ na yɛde me kɔɔ siri mu mekɔtena hɔ ara na brɛboɔ no nkɔ yie me ne me mmɔre no yɛ brɛ ɛna mesan ba asanteni afei na wanya mfeɛ sɛn because deɛ,TQQ8_jJ3xz4_044.wav,Nukatae kokoo ƒe aŋgbawo trɔna yia hegblẽna le tsidzaɣi?,"Tsidzadza gã nana ya fa miamiamia ŋutɔ, si wɔnɛ be lãvi aɖe si woyɔna be black pod disease tsina hekakana kabakaba. Gbewo ɖeɖe le agblea me kple alɔ siwo sɔ gbɔ la ɖeɖe nana ɣe ƒe keklẽ nana be aŋgbaawo ƒuna eye wòkpɔa wo ta.",Mɛni hewɔ kookoo ŋmeii lɛ feɔ ediŋŋ ni amɛgboiɔ yɛ nugbɔ be mli lɛ?,"Nugbɔ ni nɛɔ waa lɛ haa hulutsoo be babaoo baa, ni no haa tsɛŋemɔ hela ko ni atsɛɔ lɛ black pod hela lɛ daa ni egbɛɔ eshwaa oya. Kɛ́ ajieɔ jwɛi kɛjɛɔ ŋmɔ lɛ mli ni afoɔ tsei niji ni fa fe nine lɛ amli lɛ, ehaa hulu la lɛ haa ŋmeii lɛ agbiɔ ni ebuɔ amɛhe.",Dɛn nti na koko a wɔayam no dan tuntum na ɛporɔw wɔ osutɔ bere mu?,"Osu a ɛtɔ kɛse ma ɛhɔ yɛ nwini kɛse, na ɛma ntontom bi a wɔfrɛ no black pod disease nyin na ɛtrɛw ntɛmntɛm. Sɛ wotwa nwura wɔ afuw no mu na wotwitwa nkorabata a ɛboro so no a, ɛma owia hann ma nnuadewa no we na ɛbɔ ho ban."
